mapsName,mapsAddress,mapsSite,mapsPhone,firstMatch
NA,NA,NA,NA,NA
Whirlpool France SAS,"11 Cr Valmy, 92800 Puteaux",whirlpool.fr,09 69 39 12 34,True
Seip Groupe Bir,"4 All. des Devodes, 91160 Saulx-les-Chartreux",seip-tp.fr,NA,True
Groupe Trigone Informatique,"35 Rue Chanzy, 75011 Paris",trigone.fr,01 44 93 21 50,True
SOTRELEC Entreprise Générale d’électricité,"3 All. Emile Reynaud, 77200 Torcy",sotrelec.fr,01 58 39 35 35,True
ici Barbès,"10 Rue Petit, 75019 Paris",icibarbes.com,01 53 21 21 00,True
Terideal,"4 Bd Arago, 91320 Wissous",terideal.fr,01 69 81 18 00,True
Les Nouveaux Constructeurs Île-de-France,"50 Rte de la Reine, 92100 Boulogne-Billancourt",lesnouveauxconstructeurs.fr,01 55 60 45 45,True
NA,NA,NA,NA,NA
E.Leclerc COULOMMIERS,"8 Bd de la Marne, 77120 Coulommiers",e.leclerc,01 64 03 62 12,True
H.G.H Systèmes Infrarouges,"10 Rue Maryse Bastié, 91430 Igny",hgh.fr,01 69 35 47 70,True
AFER,"36 Rue de Châteaudun, 75009 Paris",afer.fr,01 40 82 24 24,True
CEWE,"21 All. de l'Europe, 92110 Clichy",cewe.fr,0 825 68 68 06,True
EHPAD Villa Caroline,"22 Rue Jeanne d'Arc, 92230 Gennevilliers",residencevillacaroline.com,01 47 94 97 10,True
KL CONSEIL,"5 Rue de la Bourse, 75002 Paris",klconseil.com,01 55 04 70 00,True
Eclor Entreprises,"20 Rue Rouget de Lisle, 92130 Issy-les-Moulineaux",groupe-eclor.com,01 71 10 72 21,True
Electre,"35 Rue Grégoire de Tours, 75006 Paris",electre.com,01 44 41 28 00,True
Hauky,"162 Rue Constant Coquelin, 94600 Choisy-le-Roi",NA,01 46 80 93 84,True
Ages Et Vie,"7 Av. Maximilien Robespierre, 94400 Vitry-sur-Seine",agesetvie.fr,01 46 81 15 35,True
Sani 92,"20 Rue Rollet Salvan, 92230 Gennevilliers",sani92.fr,01 47 98 90 60,True
France Télévisions,"7 Espl. Henri de France, 75015 Paris",francetelevisions.fr,01 56 22 60 00,True
Sierra Productions,"40 Quai du Point du Jour, 92100 Boulogne-Billancourt",NA,01 41 33 14 90,True
S.A. La Louisiane,"18 Rue Buzelin, 75018 Paris",NA,NA,True
Banque Française Mutualiste,"60 Rue de la Glacière, 75013 Paris",banquefrancaisemutualiste.fr,09 87 98 09 80,True
Aperam Alloys Rescal,"200 Av. de la Couronne des Prés, 78680 Épône",aperam.com,01 30 90 04 00,True
Saint Clair Le Traiteur - Laboratoire de production,"46 Rue du Bois du Pont, 95310 Saint-Ouen-l'Aumône",saintclair.com,01 30 37 68 88,True
Schwarzkopf,"161 Rue de Silly, 92120 Boulogne-Billancourt",schwarzkopf.fr,NA,True
TF1,"1 Quai du Point du Jour, 92100 Boulogne-Billancourt",tf1.fr,01 41 41 12 34,True
Surgard,"9 Rue du Grand Étang, 78920 Ecquevilly",surgard.fr,01 30 99 15 65,True
Delisle Lavage,"Rte de Provins BP25, 77320 La Ferté-Gaucher",delisle-sa.com,01 64 75 85 93,False
Artisan Christian.F,"14 Chem. Bellevue, 91220 Brétigny-sur-Orge",couvreur-christianf.fr,06 03 91 85 70,False
Rand Freres,75003 Paris,NA,NA,True
Thermo Fisher Scientific,"16 Av. du Québec SILIC 765, 91140 Les Ulis",thermofisher.com,01 60 92 48 00,False
NA,NA,NA,NA,NA
Lefort Francheteau,"1 Av. du Président Georges Pompidou, 92500 Rueil-Malmaison",lefortfrancheteau.com,NA,True
HATOM PYLONE / ATF,"40 R. de Chenet, 91490 Milly-la-Forêt",hatom.fr,01 64 98 26 26,True
PI Electronique,"36 Av. de la Baltique, 91140 Villebon-sur-Yvette",pielectronique.com,01 69 29 72 03,True
METALINE,"183 Av. Georges Clemenceau, 92000 Nanterre",metaline.fr,01 55 69 11 00,True
Aptima,"26 Rue des Closeaux, 78200 Mantes-la-Jolie",aptima.fr,01 30 33 06 65,True
Orphée,"35 Rue de la République, 92150 Suresnes",orphee.fr,01 42 04 20 00,True
La Française,"128 Bd Raspail, 75006 Paris",la-francaise.com,01 44 56 10 00,True
Tite Live - ePagine - Place des Libraires,"19 bis Av. Léon Gambetta, 92120 Montrouge",titelive.com,01 55 58 32 00,True
SPC du Chesnay Trianon - SCC Parly2,"2 Av. Charles de Gaulle, 78150 Le Chesnay-Rocquencourt",parly2.com,01 39 55 55 45,True
E.Leclerc MASSY,"107 Rte de Palaiseau, 91300 Massy",e.leclerc,01 60 10 31 00,False
GIE Media Transports - Régie Publicitaire Métrobus / Médiagares / Médiarail,"1 Rdpt Victor Hugo, 92130 Issy-les-Moulineaux",mediatransports.com,01 46 90 52 00,False
Societe Exploitation Clinique de Tourn,"Clinique de Tournan, 2 Rue Jules Lefèbvre, 77220 Tournan-en-Brie",NA,01 64 42 43 42,True
ip-label,"90 Bd national, 92250 La Garenne-Colombes",ekara.ip-label.com,01 77 49 53 00,True
Bateaux Parisiens,"Port de la Bourdonnais, 75007 Paris",bateauxparisiens.com,01 46 99 25 72,True
George V Gestion,"19 Rue de Vienne, 75008 Paris",NA,01 42 94 85 87,True
Marie,"24 Rue Saarinen, 94150 Rungis",marie.fr,01 56 70 90 00,True
USEP Paris,"167 Bd de la Villette, 75010 Paris",usep75.fr,01 53 38 85 18,False
Rockwell Automation,"2 Rue René Caudron Batiment B, 78960 Voisins-le-Bretonneux",rockwellautomation.com,01 61 08 77 00,True
ESAT de l'ARMME,"10 Rue Charles Cros, 95320 Saint-Leu-la-Forêt",esat-de-larmme.com,01 34 18 97 97,True
Visiodent,"82 Rue Villeneuve, 92110 Clichy",visiodent.com,01 49 46 58 00,True
EURODECISION,"9 Rue de la Prte de Buc, 78000 Versailles",eurodecision.com,01 39 07 12 40,True
"Sponsorisé
Princesse tam.tam","70 Rue Saint-Dominique, 75007 Paris",princessetamtam.com,01 45 51 43 91,False
Up Universal Paysage,"Rue Philippe Lebon, 77500 Chelles",universal-paysage.fr,NA,True
Composite Industrie,"25 Rue Gutenberg, 91070 Bondoufle",NA,01 69 91 49 00,False
Microsoft France,"37 Quai du Président Roosevelt, 92130 Issy-les-Moulineaux",microsoft.com,09 70 01 90 90,True
NA,NA,NA,NA,NA
BELFOR (France) Sucy en Brie,"6 Rue Magellan, 94370 Sucy-en-Brie",belfor.com,01 49 82 90 10,True
Leica Geosystems (Siège social),"Immeuble le Navarque, 35 Av. de l'Île Saint-Martin, 92000 Nanterre",leica-geosystems.fr,01 81 93 61 50,True
Centre Cardiologique du Nord,"32 - 36 Rue des Moulins Gémeaux, 93200 Saint-Denis",ccn.fr,01 49 33 41 41,True
NA,NA,NA,NA,NA
Protectic,"20 Burospace, 91570 Bièvres",protectic.fr,01 69 85 31 21,True
CPA Experts,"112 bis Rue Cardinet, 75017 Paris",cpa-experts.com,01 53 70 14 60,True
Cheuvreux,"55 Bd Haussmann, 75008 Paris",cheuvreux.fr,01 44 90 14 14,True
Vitalliance Pantin - Aide à domicile,"27 Rue Delizy, 93500 Pantin",vitalliance.fr,01 82 30 13 10,False
SAS Institute,"Rue de la Branche, 77166 Évry-Grégy-sur-Yerre",sas.com,01 60 62 11 11,True
Aereco S.A.,"Z.I de Lamirault, 62 Rue de Lamirault, 77090 Collégien",aereco.fr,01 60 06 44 65,True
Roto France Impression,"25 Rue de la Maison Rouge, 77185 Lognes",rotofrance.fr,01 60 06 60 00,True
CHG-MERIDIAN,"1 Passerelle des Reflets, 92400 Courbevoie",chg-meridian.fr,01 49 00 29 10,True
APL Data Center (siège),"106 Av. Marx Dormoy, 92120 Montrouge",apl-datacenter.com,01 46 94 91 00,True
E.Leclerc SAINT OUEN L'AUMONE,"27-31 Rue d'Epluches, 95310 Saint-Ouen-l'Aumône",e.leclerc,01 34 30 29 00,True
STEF Paris Vitry,"47 Rue Charles Heller, 94400 Vitry-sur-Seine",NA,01 47 18 30 00,True
TotalEnergies Station de recharge,"1 Rue de Strasbourg, 92400 Courbevoie",services.totalenergies.fr,01 46 91 96 01,False
DGS Transports,"75 Rue Albert Garry, 94450 Limeil-Brévannes",dgs-transports.fr,01 56 86 31 31,True
DBF AUDIT,"13 Pass. Dartois Bidot, 94100 Saint-Maur-des-Fossés",dbfaudit.com,01 48 83 00 41,True
Vitry Distribution,"2 Rue Eugène Hénaff, 94400 Vitry-sur-Seine",NA,01 47 18 19 11,False
KUKA Automatisme Robotique,"Techvallée -, 6 avenue du parc, 91140 Villebon-sur-Yvette",kuka.fr,01 69 31 66 00,True
Extreme Agency,"92-98 Bd Victor Hugo, 92110 Clichy",extreme.fr,01 40 99 80 50,True
Sémaco,"72 Bd des Corneilles, 94100 Saint-Maur-des-Fossés",NA,01 48 85 93 30,True
Groupe HN,"14 Pl. de la Coupole, 94220 Charenton-le-Pont",groupehn.com,01 44 67 13 00,False
NA,NA,NA,NA,NA
NA,NA,NA,NA,NA
Hiventy,"221 bis Bd Jean Jaurès, 92100 Boulogne-Billancourt",hiventy.com,01 85 74 76 00,True
Auchan Supermarché Paris Dupleix,"4-10 Rue Dupleix, 75015 Paris",auchan.fr,01 47 34 31 23,False
Entente Sportive Massy,"10 Av. du Noyer Lambert, 91300 Massy",esmassy.jimdo.com,01 69 20 48 30,True
Transdev Trans Val d'Oise,"8-10 Rue Berthelot, 95500 Gonesse",transdev-idf.com,01 39 85 45 35,True
Comau France,"5-7 Rue Albert Einstein, 78190 Trappes",comau.com,01 30 16 61 00,True
Siemens Electronic Design Automation,"13 Rue Jeanne Braconnier, 92360 Meudon",eda.sw.siemens.com,01 40 94 74 74,True
CLAUDIE PIERLOT,"6 Rue de Marengo, 75001 Paris",fr.claudiepierlot.com,01 42 21 19 05,True
E.Leclerc CLICHY SOUS BOIS,"12 All. de la Fossé Maussoin, 93390 Clichy-sous-Bois",e.leclerc,01 43 01 50 00,False
CHAPELEC,"5 Av. Philippe Lebon, 92390 Villeneuve-la-Garenne",sas-chapelec.com,01 47 99 23 23,True
Intermarché SUPER Saint Germain Les Arpajon,"Rue de Chanteloup, 91290 Saint-Germain-lès-Arpajon",intermarche.com,01 64 90 99 10,True
NEXITY,"19 Rue de Vienne, 75008 Paris",nexity.fr,01 85 55 10 00,True
TOPSOLID,"7 Rue du Bois Sauvage, 91055 Évry-Courcouronnes",topsolid.com.tr,01 60 87 20 20,True
NA,NA,NA,NA,NA
INTERSA,"189 Rue d'Aubervilliers, 75018 Paris",intersa.fr,01 40 40 22 00,True
Intermarché SUPER Mantes La Jolie,"16 18 Rue Jean Hoët, 78200 Mantes-la-Jolie",intermarche.com,01 30 33 06 84,True
Resina,"4 Rue de l'Épinette, 77165 Saint-Soupplets",resina.fr,01 60 01 32 32,True
Volvo Construction Equipment France,"37 Av. Georges Politzer, 78190 Trappes",volvoce.com,01 30 69 28 28,True
"Mistras Group, SAS","27 Rue Magellan, 94370 Sucy-en-Brie",mistrasgroup.fr,01 49 82 60 40,True
Colas - Territoire Ile-de-France Normandie,"2 Rue Jean Mermoz, 78114 Magny-les-Hameaux",colas.com,01 34 52 13 13,True
MGS Sales & Marketing,"1 Pl. des Marseillais, 94220 Charenton-le-Pont",mgs-sam.fr,01 56 95 20 00,True
MARCHE FRAIS,"128 Av. de Rosny, 93250 Villemomble",marche-frais.com,01 48 12 14 82,True
SA Panifour,"5 Rue Gustave Madiot, 91070 Bondoufle",panifour.fr,01 60 86 41 00,True
NRJ Audio,"22 Rue Boileau, 75016 Paris",nrj.fr,01 40 71 40 00,True
AM Services,"2 Av. des Orangers, 94380 Bonneuil-sur-Marne",NA,01 75 64 42 99,True
"Maison Mulot - Boulangerie, Pâtisserie Traiteur - Saint Germain des Prés","76 Rue de Seine, 2 Rue Lobineau, 75006 Paris",maison-mulot.com,01 43 26 85 77,True
Clinalliance Ehpad Repotel Brunoy,"3 Rue des Godeaux, 91800 Brunoy",clinalliance.fr,01 60 47 80 00,True
Eaton Aerospace,"2 Rue Lavoisier, 78310 Maurepas",eaton.com,01 30 69 30 00,True
COMET IDF,"Z.I Maison Neuve, 8 Rue du Poitou, 91220 Brétigny-sur-Orge",cometidf.fr,01 60 85 60 50,True
Les Compagnons D'eric,"117 Rue Royale, 77410 Saint-Mesmes",lescompagnonsderic.com,01 60 26 01 76,True
Micropole - Siège social,"91 Rue Carnot, 92300 Levallois-Perret",micropole.com,01 74 18 74 18,True
Terolab Surface SAS,"Z.I, Rue Jean Pierre Timbaud, 94290 Villeneuve-le-Roi",terolabsurface.com,01 49 61 34 34,True
Urmet France - Yokis,"ZAC Paris Nord II, 94 Rue de la Belle Étoile, 95700 Roissy-en-France",urmet.fr,01 55 85 84 00,True
Paris Country Club,"121 Rue du Lieutenant Colonel de Montbrison, 92500 Rueil-Malmaison",pariscountryclub.com,01 47 77 64 00,False
MetaFactory,"11/15 Av. de la Convention, 94110 Arcueil",metafactory.fr,01 49 08 02 02,True
NA,NA,NA,NA,NA
F.B.I France Bâtiment Industrie,"34 Rue du Bois Galon, 94120 Fontenay-sous-Bois",fbi-elec.com,01 48 77 75 75,True
Boston Scientific International SA,"Parc Val Saint Quentin, Bâtiment H, 2 Rue René Caudron, 78960 Voisins-le-Bretonneux",bostonscientific.de,01 39 30 97 00,True
ASL 78,NA,asl78.fr,NA,False
Suzuki France,"8 Avenue des Frères Lumières, 78190 Trappes",suzuki.fr,01 34 82 14 00,True
Savpro,"26 Rue du Château d'Eau, 78360 Montesson",savprogroupe.fr,01 40 22 09 62,True
Gestimat,"26 Av. du Petit Parc, 94300 Vincennes",NA,01 43 98 75 00,True
KPMG Paris La Défense - Courbevoie,"Tour Eqho, 2 Av. Gambetta, 92400 Courbevoie",bureaux.kpmg.fr,01 55 68 86 66,True
Goodyear France,"Paris La Défense 1, Tour First, 1 Pl. des Saisons, 92400 Courbevoie",NA,01 47 16 59 59,True
NA,NA,NA,NA,NA
Perenco,"7 Rue de Logelbach, 75017 Paris",perenco.com,01 53 57 66 00,True
Inapa France,"11 Rue de la Nacelle, 91100 Villabé",inapa.fr,01 60 89 90 91,True
L-Acoustics - Headquarters France,"13 Rue Levacher Cintrat, 91460 Marcoussis",l-acoustics.com,01 69 63 69 63,True
Carma,"4-8 Rue du Marquis de Raies, 91080 Courcouronnes",NA,NA,True
EHPAD Le Belvédère - Les Jardins d'Iroise de Maisons-Laffitte,"23 bis Av. Eglé, 78600 Maisons-Laffitte",lesjardinsiroise.fr,01 34 93 38 00,True
Prada Retail France SAS,"18 Av. Matignon, 75008 Paris",prada.com,01 56 21 30 70,True
VIPS,"24 Rue Léonard de Vinci, 91090 Lisses",vips-sa.com,01 60 79 50 00,True
Groupe EBP,"ZA Du Bel Air, Rue de Cutesson, 78120 Rambouillet",ebp.com,01 34 94 80 00,False
EPSA GROUPE - PARIS,"65 Rue d'Anjou, 75008 Paris",epsa.com,01 84 17 54 72,False
Girault Lor,"Rue des Secherons, 77130 Montereau-Fault-Yonne",charlesandre.com,01 64 70 51 51,True
DM Services,"14 Av. de la Trentaine, 77500 Chelles",dmsgestion.com,01 60 08 58 60,True
Darrois Villey Maillot Brochier,"69 Av. Victor Hugo, 75116 Paris",darroisvilley.com,01 45 02 19 19,True
NA,NA,NA,NA,NA
Intermarché Villemomble,"34 Av. de la Station, 93250 Villemomble",intermarche.com,01 48 54 40 30,True
Aca Nexia,"31 Rue Henri Rochefort, 75017 Paris",aca.nexia.fr,01 47 66 77 88,True
TUI Agence,"124 Rue Edouard Vaillant, 92300 Levallois-Perret",tui.fr,NA,True
NEXITY,"19 Rue de Vienne, 75008 Paris",nexity.fr,01 85 55 10 00,True
NA,NA,NA,NA,NA
Valeo Thermique Habitacle,"8 Rue Louis Lormand, 78321 La Verrière",valeo.com,01 34 61 57 00,True
DENTSPLY SIRONA FRANCE,"7 Ter Rue de la Prte de Buc, 78000 Versailles",dentsplysirona.com,01 30 97 65 00,True
SPEBI Société de Peinture d'Etudes Bâtiment Industriel,"85 bis Rue Jean le Galleu, 94200 Ivry-sur-Seine",spebi.fr,01 46 70 21 21,True
Leasecom Siège Social et Direction Régionale IDF,"19 Rue Leblanc, 75015 Paris",leasecom.fr,0 810 81 80 90,True
Expertises Galtier,"92 bis Rue Edouard Vaillant, 92300 Levallois-Perret",expertises-galtier.fr,01 55 21 27 00,True
Centre de coopération internationale en recherche agronomique pour le développement (CIRAD),"42 Rue Scheffer, 75116 Paris",cirad.fr,01 53 70 20 00,True
Nippon Express France,"1 Rue Du Chapelier, Cargo 5, B.P. 18177, 95702 Roissy CDG cedex",nipponexpress.com,01 41 84 63 63,True
Iscar France,"8 Rue Georges Guynemer, 78280 Guyancourt",iscar.fr,01 30 12 92 92,True
SSIAD de Survilliers,"19 Rue de la Gare, 95470 Survilliers",ssiad.survilliers.com,01 34 68 29 78,True
JUSSIEU secours VERSAILLES - Ambulances Chesnaysiennes,"25 Rue Sainte-Adélaïde, 78000 Versailles",jussieu-secours.fr,01 39 51 22 00,True
Centthor,"Rue Didier Daurat, 91320 Wissous",centthor.com,01 69 74 00 00,True
John Cockerill Hamon France,"84 Rue Charles Michels, 93200 Saint-Denis",hamon.com,01 55 87 78 78,False
MTS Systems,"12 Rue Eugène Dupuis, 94000 Créteil",mts.com,01 58 43 90 00,True
Fédération Française de Badminton,"9-11 Av. Michelet, 93400 Saint-Ouen-sur-Seine",ffbad.org,01 49 45 07 07,True
NA,NA,NA,NA,NA
Majorelle,"80 Rue Taitbout, 75009 Paris",majorelle.fr,01 42 81 34 19,True
Clamens S.A.,"Rue des Carrières Z.I. SUD, 77270 Villeparisis",clamens.fr,01 64 67 96 21,True
Lavoix,"2 Pl. d'Estienne d'Orves, 75009 Paris",lavoix.eu,01 53 20 14 20,True
NA,NA,NA,NA,NA
Junior ESSEC Conseil,"3 Av. Bernard Hirsch, 95000 Cergy",junioressec.com,01 30 75 05 05,True
CIG - Agence de Gonesse,"12 Rue Berthelot, 95500 Gonesse",agence.sarp-assainissement.fr,01 34 07 95 00,True
Tour Allianz one,"1 Cr Michelet, 92800 Puteaux",allianz.fr,09 70 70 64 29,True
Actifs Cosmétiques Laboratoires Expanscience,"Tour First, 1 Pl. des Saisons, 92400 Courbevoie",expanscience.com,01 43 34 60 00,True
NA,NA,NA,NA,NA
Autret Traiteur,"6 Rue de l'Équerre, 95310 Saint-Ouen-l'Aumône",autret-paris.fr,01 34 30 80 00,False
ALMA CARBOVAC,"4a Bd de la Gare, 94470 Boissy-Saint-Léger",alma-carbovac.com,01 45 69 44 70,False
SEMARDEL,"Ecosite, 91810 Vert-le-Grand",semardel.fr,01 64 56 75 00,False
NA,NA,NA,NA,NA
NRJ Audio,"22 Rue Boileau, 75016 Paris",nrj.fr,01 40 71 40 00,True
CIAL Restaurant Coréen,"16 Rue Mondétour, 75001 Paris",gading68.wixsite.com,01 40 26 74 39,False
WTW (Willis Towers Watson),"Floor 1, grande Hauteur, 33-34 Quai de Dion Bouton, 92800 Paris",wtwco.com,01 41 43 50 00,False
Bostik France (SA),"420 Rue d'Estienne d'Orves, 92700 Colombes",bostik.com,01 49 00 75 02,True
Forum des images,"2 Rue du cinéma, 75001 Paris",forumdesimages.fr,01 44 76 63 00,False
NA,NA,NA,NA,NA
PYLONES - SIEGE SOCIAL,"41 Av. de l'Agent Sarre, 92700 Colombes",pylones.com,01 56 83 81 11,True
Spie batignolles Présance île de France,"14 Rue des Belles Hâtes, 78700 Conflans-Sainte-Honorine",spiebatignolles.fr,01 39 72 40 43,True
NEXITY,"19 Rue de Vienne, 75008 Paris",nexity.fr,01 85 55 10 00,True
Euralog,"27 Rte de Meulan, 78480 Verneuil-sur-Seine",euralog.net,01 82 03 21 00,True
NA,NA,NA,NA,NA
Sogec Marketing,"17 Av. du Québec, 91140 Villebon-sur-Yvette",sogec-marketing.com,01 69 79 10 00,True
E D I M - Ecole de musiques actuelles,"17 Rue Cousté, 94230 Cachan",edim.org,01 46 63 01 25,True
GTHP – Groupement Technique des Hippodromes Parisiens,"165 Bd de Valmy, 92700 Colombes",gthp.org,01 55 66 89 00,False
Hays - Cabinet de recrutement Île-De-France,"147 Bd Haussmann, 75008 Paris",hays.fr,01 42 99 16 99,True
NA,NA,NA,NA,NA
Bain & Company,"25 Av. Kléber, 75116 Paris",bain.fr,01 44 55 75 75,True
Edmond de Rothschild FR,"47 Rue du Faubourg Saint-Honoré, 75008 Paris",edmond-de-rothschild.com,01 40 17 25 25,True
ALAÏA - MOUSSY,"7 Rue de Moussy, 75004 Paris",maison-alaia.com,01 40 09 94 11,True
CEGEDIM,"137 Rue d'Aguesseau, 92100 Boulogne-Billancourt",cegedim.fr,01 49 09 22 00,True
"Sponsorisé
Intermarché SUPER et Drive Montévrain","1 Bd Charles de Gaulle, 77144 Montévrain",intermarche.com,01 60 36 44 44,False
Association Hôtel Social 93,"28 -30 Chem. des 22 Arpents, 93220 Gagny",abri-groupe.org,01 43 81 85 22,True
Techni Concept,"669 Rue Clément Ader, 78530 Buc",NA,01 30 83 14 89,True
Groupe Les Echos Le Parisien,"7 Rue de Ponthieu, 75008 Paris",leparisien.fr,01 87 39 71 00,True
Fraternité Sacerdotale St Pie X,"Bp 125, 92154 Suresnes",fsspx.org,01 45 06 10 68,True
Le Journal l'Équipe,"2 Bd de la République, 92100 Boulogne-Billancourt",lequipe.fr,NA,False
Hamamatsu,"19 Rue du Saule Trapu, 91300 Massy",hamamatsu.com,01 69 53 71 00,True
NA,NA,NA,NA,NA
Hôtel Novotel Paris les Halles,"8 Pl. Marguerite de Navarre, 75001 Paris",all.accor.com,01 42 21 31 31,True
B'information Services,"6 Rue Godefroy, 92800 Puteaux",NA,01 46 96 44 33,True
Ehpad Korian Les Roses,"95 Rue des Prés Saint-Martin, 77340 Pontault-Combault",korian.fr,01 60 28 02 00,True
Zebra Technologies France SAS,"Immeuble Miami, 40 Rue d'Arcueil, 94150 Rungis",zebra.com,01 73 43 79 00,True
Romus,"Z.A. Les Pouards, 13-15 Rue du Taille Fer, 91160 Champlan",romusworld.com,01 69 79 69 79,True
ARTEMYS,"50 Rue de Paradis, 75010 Paris",groupeartemys.com,01 53 34 15 40,True
NA,NA,NA,NA,NA
AGB,"57 Rue Salvador Allende, 95870 Bezons",agb-gle.com,01 39 98 59 00,True
NA,NA,NA,NA,NA
Médiamétrie,"70 Rue Rivay, 92300 Levallois-Perret",mediametrie.fr,01 47 58 97 58,True
C.L.A.P.A,"21 Rue de Conflans, 94220 Charenton-le-Pont",NA,01 56 29 14 01,True
Apside Groupe,"58 Av. du Général Leclerc, 92100 Boulogne-Billancourt",apside.fr,01 41 10 01 61,True
La Vie à Domicile,"3 Rue de la Faisanderie, 75016 Paris",lavieadomicile.fr,01 53 70 41 95,True
GIE AXA,"25 Av. Matignon, 75008 Paris",axa.fr,01 40 75 57 00,True
Laboratoires Dermatologiques d'Uriage,"40-52 Bd du Parc, 92200 Neuilly-sur-Seine",uriage.fr,NA,True
NA,NA,NA,NA,NA
Kuehne + Nagel,"2 Av. Joseph Paxton, 77164 Ferrières-en-Brie",fr.kuehne-nagel.com,01 64 76 12 12,True
"Sponsorisé
Intermarché HYPER Maulette","Rte de Gambais, 78550 Maulette",intermarche.com,01 30 59 78 90,False
Intermarché HYPER Gif-Sur-Yvette,"6 bis Rte du Val Courcelle, 91190 Gif-sur-Yvette",intermarche.com,01 64 86 15 51,False
Safetykleen France,"65 Av. Jean Mermoz, 93120 La Courneuve",safetykleeninternational.com,0 801 90 10 90,True
E.Leclerc OZOIR LA FERRIERE,"84 Rue François de Tessan, 77330 Ozoir-la-Ferrière",e.leclerc,01 60 02 62 27,True
Comgest,"17 Pl. Édouard VII, 75009 Paris",comgest.com,01 44 94 19 00,True
Eiffage,"11 Pl. de l'Europe, 78140 Vélizy-Villacoublay",eiffage.com,01 34 65 89 89,True
MARCHE FRAIS,"27 Av. de la Gare, 78310 Coignières",marche-frais.com,01 30 05 00 46,True
NA,NA,NA,NA,NA
A.P.C.,"35 - 38 Rue Madame, 75006 Paris",apc.fr,01 70 38 26 69,False
United Parcel Service France Sas,"20 Rue Escoffier, 75012 Paris",ups.com,NA,False
Team Créatif,"89 Rue de Miromesnil, 75008 Paris",team-creatif.com,01 42 89 90 00,True
NA,NA,NA,NA,NA
Intermarché SUPER Montmagny,"136 Rue Jules Ferry, 95360 Montmagny",intermarche.com,01 34 28 64 64,True
Intermarché SUPER Yerres,"52 Rue de Concy, 91330 Yerres",intermarche.com,01 69 49 29 16,True
CITALLIOS,"65 Rue des 3 Fontanot, 92000 Nanterre",citallios.fr,01 41 37 11 70,True
SYSTRAN,"5 Rue Feydeau, 75002 Paris",systransoft.com,01 44 82 49 00,True
Les Deux Magots,"6 Pl. Saint-Germain des Prés, 75006 Paris",lesdeuxmagots.fr,01 45 48 55 25,True
NA,NA,NA,NA,NA
NA,NA,NA,NA,NA
Longchamp,"271 Rue Saint-Honoré, 75001 Paris",longchamp.com,01 43 16 00 16,False
STEF PARIS ATHIS,"17 Rue des Guyards Bp9 Cd118, 91200 Athis-Mons",NA,01 49 75 33 66,False
iQera,"256 bis Rue des Pyrénées, 75020 Paris",iqera.com,01 53 30 11 00,True
Laboratoires Grünenthal S.A.S.,"Immeuble Eureka, 19, rue Ernest Renan, CS 90001, 92024 Nanterre",grunenthal.fr,01 41 49 45 80,True
In Situ,"14 Rue Henri Becquerel, 93270 Sevran",NA,01 43 83 63 62,True
Transdev Marne-la-Vallée - COB de Lagny-sur-Marne,"21-23 Rue Jacquard, 77400 Lagny-sur-Marne",iledefrance-mobilites.fr,01 60 07 94 70,True
CBRE - Property Management,"43 Rue Paul Meurice, 75020 Paris",cbre.fr,01 49 72 44 00,True
Villeroy & Boch,"21 Rue Royale, 75008 Paris",villeroy-boch.fr,01 42 65 81 84,True
Levallois Sporting Club,"24 Rue Louise Michel, 92300 Levallois-Perret",levallois-sporting-club.fr,01 47 15 76 00,True
Manutan France,"ZAC du Parc des Tulipes, Av. du XXI Siecle, 95500 Gonesse",manutan.fr,01 34 53 35 35,True
EMPREINTES,"1 Rue Saint-Claude, 77340 Pontault-Combault",asso-empreintes.fr,NA,True
Arte France,"8 Rue Marceau, 92130 Issy-les-Moulineaux",arte.tv,01 55 00 77 77,True
Ericsson,"25 Av. Carnot, 91300 Massy",ericsson.com,01 81 87 45 00,True
Egide Informatique,"46 Rue de Lagny, 93100 Montreuil",egide.net,01 41 72 20 20,True
Association de solidarité internationale,"71 Rue Archereau, 75019 Paris",NA,06 38 80 29 64,False
LYNRED,"Av. de la Vauve, 91120 Palaiseau",lynred.com,01 60 92 18 30,True
NEXITY,"19 Rue de Vienne, 75008 Paris",nexity.fr,01 85 55 10 00,True
Groupe Guinier 1823,"71 Rue Etienne Dolet, 94140 Alfortville",spinnaker-guinier.com,01 43 96 10 22,True
Mon Chauffagiste Privé par PROXISERVE,"155-159 Rue Anatole France, 92300 Levallois-Perret",proxiserve.fr,09 72 72 10 72,True
Editions Tonkam,"8 Rue Léon Jouhaux, 75010 Paris",NA,01 56 03 92 20,True
Lazard Frères Banque,"175 Bd Haussmann, 75008 Paris",lazardfreresbanque.fr,01 44 13 01 11,True
Lazard Frères Banque,"175 Bd Haussmann, 75008 Paris",lazardfreresbanque.fr,01 44 13 01 11,True
GIE Belleville,"4 Bd de la Villette, 75019 Paris",NA,01 42 03 80 00,True
GIE Belleville,"4 Bd de la Villette, 75019 Paris",NA,01 42 03 80 00,False
L'angio,"6 Av. du Noyer Lambert, 91300 Massy",NA,01 60 13 46 02,True
Théâtre du Vieux Colombier,"21 Rue du Vieux Colombier, 75006 Paris",comedie-francaise.fr,01 44 58 15 15,True
Transdev CEAT,"1 Av. de la Résistance, 91700 Sainte-Geneviève-des-Bois",iledefrance-mobilites.fr,01 69 46 69 00,True
Parenge,"7 Av. Léon Harmel, 92160 Antony",parenge.fr,01 79 71 81 70,True
Torraspapel Malmenayde,"Rue de la Boursidière, 92350 Le Plessis-Robinson",torraspapelmalmenayde.fr,01 41 07 70 70,True
Oracle France,"15 Bd Charles de Gaulle, 92715 Colombes",oracle.com,01 57 60 20 20,True
ABB France,"7 Bd d'Osny, 95800 Cergy",new.abb.com,01 34 40 25 25,True
CRAUNOT - RIVE DROITE,"6 Rue du Faubourg Poissonnière, 75010 Paris",craunot.fr,01 48 01 87 40,True
JAULIN SA,91380 Chilly-Mazarin,jaulin.com,01 69 79 20 20,False
Linxens France,"ZI des Closeaux, 37 Rue des Closeaux, 78200 Buchelay",linxens.com,01 34 76 86 30,True
Parc Municipal des Sports,"4 Av. Jean Bouin, 92130 Issy-les-Moulineaux",NA,NA,True
Tutelia,"13 Rue de l'Aluminium, 77176 Savigny-le-Temple",tutelia.org,01 64 10 40 10,True
NA,NA,NA,NA,NA
Havas Paris,"29 Quai de Dion Bouton, 92800 Puteaux",havasparis.com,01 58 47 93 93,True
MHD - Moët Hennessy Diageo,"Défense Avenue, 105 Bd de la Mission Marchand, 92400 Courbevoie",mhdfrance.fr,01 41 88 32 00,True
Boehringer Ingelheim France,"104 Av. de France, 75013 Paris",boehringer-ingelheim.fr,01 44 34 65 65,True
ALPI,"Immeuble Le Noblet, 1-3 Bd Charles de Gaulle, 92707 Colombes",alpi.fr,01 47 52 97 27,False
NA,NA,NA,NA,NA
RICOH FRANCE,"7 Av. Robert Schuman, 94150 Rungis",ricoh.fr,0 892 01 20 12,True
NA,NA,NA,NA,NA
Fenêtre Bernard,"Za La Mare Du Millieu, 4 Rue Denis papin, 91630 Guibeville",fenetre.fr,01 60 82 33 59,True
Architecture Studio,"10 Rue Lacuée, 75012 Paris",architecture-studio.fr,01 43 45 18 00,True
Kinnarps SA,"1712 Rte de Quarante Sous, 78630 Orgeval",kinnarps.fr,01 39 08 27 00,True
OpenText,"Cœur Défense - Tour B, 100 Espl. du Général de Gaulle, 92931 Paris La Défense",opentext.fr,01 47 96 55 41,False
Cyllene Nanterre,"105 Rue Veuve Lacroix, 92000 Nanterre",groupe-cyllene.com,01 41 19 40 40,True
NielsenIQ,"1 Rue Julius et Ethel Rosenberg, 95870 Bezons",nielseniq.com,01 34 41 44 44,True
Gesten,"1 Pl. des Hauts Tilliers, 92230 Gennevilliers",gesten.fr,01 49 48 38 38,True
Chlorophylle,"254 Rue Louis Armand, 78955 Carrières-sous-Poissy",entreprise-chlorophylle.fr,01 39 74 07 17,True
HSBC bureaux La Défense,"110 Espl. du Général de Gaulle, 92400 Courbevoie",hsbc.fr,01 40 70 70 40,True
PwC France,"63 Rue de Villiers, 92208 Neuilly-sur-Seine",pwc.fr,01 56 57 58 59,True
Warwick Paris,"5 Rue de Berri, 75008 Paris",warwickhotels.com,01 45 63 14 11,True
Axians,"53 Bd Ornano, 93200 Saint-Denis",axians.fr,NA,True
O. D. E. - Orientation Développement Emploi,"7 Rue Marc Jacquet, 77190 Dammarie-les-Lys",ode77.fr,01 64 39 97 93,True
McCANN Health Paris,"28-34 Bd du Parc, 92200 Neuilly-sur-Seine",ipghealth.com,NA,True
Comité d'Entreprise Sodistour Touristra,"10 Rue du Faubourg Montmartre, 75009 Paris",NA,01 47 70 26 44,True
Siège Sodexo France,"6 Rue de la Redoute, 78280 Guyancourt",fr.sodexo.com,01 30 85 75 00,True
Siège Sodexo France,"6 Rue de la Redoute, 78280 Guyancourt",fr.sodexo.com,01 30 85 75 00,False
Siège Sodexo France,"6 Rue de la Redoute, 78280 Guyancourt",fr.sodexo.com,01 30 85 75 00,True
DESNEUX (Groupe BIR),"2 Rue de l'Escouvrier, 95200 Sarcelles",desneux-tp.fr,01 34 39 22 80,True
Banque Richelieu France,"1-3-5 Rue Paul Cézanne, 75008 Paris",banquerichelieufrance.com,01 42 89 00 00,False
IT Link,"67 Av. de Fontainebleau, 94270 Le Kremlin-Bicêtre",itlink.fr,01 53 90 15 90,True
Clinalliance Ehpad Repotel Maurepas,"Sq. de la Puisaye, 78310 Maurepas",clinalliance.fr,01 39 38 20 00,True
Magnum,"99 Rue de Paris, 95500 Gonesse",magnum.fr,01 30 11 60 90,True
Unique Heritage Editions,"141 Bd Ney, 75018 Paris",uniqueheritage.fr,NA,False
E.Leclerc MEAUX,"3 Rue Georges Claude, 77100 Meaux",e.leclerc,01 60 09 89 20,False
NA,NA,NA,NA,NA
Lasco Sté,"35 Rue Benoît Frachon, 94500 Champigny-sur-Marne",NA,01 45 16 16 40,True
Set Environnement,"2 Rue des Frères Voisin, 91320 Wissous",set-environnement.com,NA,True
Tessi Accès,"44 Av. de Valvins, 77210 Avon",tessi.eu,01 60 74 59 60,True
towerCast,"46 Av. Théophile Gautier, 75016 Paris",towercast.fr,01 40 71 40 00,True
"Sponsorisé
Ada I Location voiture et utilitaire Clichy","5 Rue Fournier, 92110 Clichy",ada.fr,01 42 70 42 69,False
UTI GROUP.,"68 Rue de Villiers, 92300 Levallois-Perret",uti-group.fr,01 41 49 05 10,True
Hôpital Nord 92 | Adef Résidences,"75 Av. de Verdun, 92390 Villeneuve-la-Garenne",adef-residences.com,01 47 92 40 00,True
Alphabet,"5 Rue des Hérons, 78180 Montigny-le-Bretonneux",alphabet.fr,01 49 04 91 00,True
SECURINFOR,"38 Pl. de la Seine, 94150 Rungis",securinfor.fr,NA,True
Codra Ingenierie Informatique,"Immeuble Hélios, 2 Rue Christophe Colomb, 91300 Massy",codra.net,01 60 92 34 34,True
SOFIDY,"303 Sq. des Champs Elysées, 91080 Évry-Courcouronnes",sofidy.com,01 69 87 02 00,True
Oresys,"48 Rue de Londres, 75008 Paris",oresys.eu,01 44 90 18 18,True
CICAD,"88 Rue Robespierre, 93100 Montreuil",cicad.fr,01 55 86 15 15,True
Groupe M6,"89 Av. Charles de Gaulle, 92200 Neuilly-sur-Seine",groupem6.fr,01 41 92 66 66,False
ACP Protection,"78 Quai du Maréchal Joffre, 92400 Courbevoie",NA,01 47 17 15 82,True
Saint-Gobain Distribution Bâtiment France,"12 Pl. de l'Iris, 92400 Courbevoie",carrieres.sgdb-france.fr,01 88 54 00 10,True
SOFRIPA,"ZAC du Haut de Wissous II, Rue Hélène Boucher, 91320 Wissous",sofripa.com,01 69 74 16 00,True
InterContinental Paris - Le Grand,"2 Rue Scribe, 75009 Paris",ihg.com,01 40 07 32 32,True
D.G.S.I. Sécurité Privée,"409 place gustave courbet, 93160 Noisy-le-Grand",proteger.com,01 80 62 00 10,True
ADAGP,"11 Rue Duguay Trouin, 75006 Paris",adagp.fr,01 43 59 09 79,True
Keolis Delion,"12 Rue Jean Perrin, 92000 Nanterre",keolis.com,01 56 47 05 05,True
Groupe Saur,"11 Chem. de Bretagne, 92130 Issy-les-Moulineaux",saur.com,01 30 60 84 00,True
KS,"82 Bd des Batignolles, 75017 Paris",ks-groupe.com,01 42 60 93 60,False
IPC Systems - Etrali,"3 Rue Henri Rol-Tanguy, 93100 Montreuil",ipc.com,01 55 82 91 00,False
Génédis Exploitation,"10 Av. du Général de Gaulle, 92230 Gennevilliers",NA,01 46 85 03 74,True
CERAVER - Laboratoires Osteal Médical Les,"69 Rue de la Belle Étoile, 95700 Roissy-en-France",ceraver.com,01 48 63 88 63,True
Century 21 France,"3 rue des Cévennes Petite Montagne Sud, 2 Rue de l'Oisans, 91090 Lisses",century21.fr,01 69 11 12 21,True
STAF Transports - Villeneuve-le-Roi,"10 Rue Lamartine, 94290 Villeneuve-le-Roi",staf-transports.com,01 45 97 81 81,True
DoubleTrade,"8 Rue Rouget de Lisle, 92130 Issy-les-Moulineaux",doubletrade.com,01 71 16 31 00,True
Keolis Val d'Oise,"3 Chem. Pavé, 95340 Bernes-sur-Oise",keolis-valdoise.com,01 30 34 26 50,True
Bharlev Industries,"1 Rue Paul Séramy, 77990 Le Mesnil-Amelot",bharlev.com,01 60 54 67 67,True
Theradiag,"14 Rue Ambroise Croizat, 77183 Croissy-Beaubourg",theradiag.com,01 64 62 10 12,True
Encres DUBUIT,"1 Rue Isaac Newton, 77290 Mitry-Mory",encresdubuit.com,01 64 67 41 60,True
PPD France,"27 Rue Victor Hugo, 94200 Ivry-sur-Seine",ppd.com,01 58 46 58 46,True
EHPAD Résidence la Canopée,"6 Rue de la Gare, 77670 Saint-Mammès",residence-la-canopee.fr,01 60 70 50 70,False
ARKANCE SYSTEMS (Siège Social),"VAL SAINT QUENTIN, 2 Rue René Caudron Bâtiment C, 78960 Voisins-le-Bretonneux",arkance-systems.fr,01 39 44 18 18,True
Engineering Réseaux Communications ERCOM,"6 Rue Dewoitine, 78140 Vélizy-Villacoublay",ercom.fr,01 39 46 50 50,True
Intermarché SUPER Mormant,"Route Nationale 19 Les Chaumes, 77720 Mormant",intermarche.com,01 64 06 82 07,False
C.P.S Continentale Protections Services,"9 Rue du Général Leclerc, 95310 Saint-Ouen-l'Aumône",cps-securite.fr,01 34 64 71 71,True
Cobalt France - Grande Cuisine,"ZA du Chenet, 4 Chemin des Carrières, 91490 Milly-la-Forêt",cobalt-grandecuisine.com,01 64 81 20 96,True
Les Restaurants du Coeur,"11 Rue du Pré, 75018 Paris",restosducoeur.org,NA,False
GeoPost,"26 Rue Guynemer C LEMNYS, 92130 Issy-les-Moulineaux",geopost.com,NA,True
Exertis France,"5 Rue Pleyel, 93200 Saint-Denis",exertis.fr,01 56 47 04 70,True
Botte Fondations,"5 Rue Ernest Flammarion, 94550 Chevilly-Larue",botte-fondations.fr,01 49 61 48 00,True
Petites Sœurs des Pauvres,"23 Rue Gaston Philippe, 93200 Saint-Denis",petitessoeursdespauvres.org,01 42 35 70 64,True
Petites Sœurs des Pauvres,"Ma Maison, 9 Av. du Maréchal Franchet d'Esperey, 78000 Versailles",petitessoeursdespauvres.org,01 78 74 10 00,False
Les Petites Sœurs des Pauvres,"49 Rue Notre Dame des Champs, 75006 Paris",petitessoeursdespauvres.org,01 45 44 72 90,True
Petites Sœurs des Pauvres,"71 Rue de Picpus, 75012 Paris",petitessoeursdespauvres.org,01 43 43 43 40,False
Tour Allianz one,"1 Cr Michelet, 92800 Puteaux",allianz.fr,09 70 70 64 29,True
Radio Classique,"12bis Pl. Henri Bergson, 75008 Paris",radioclassique.fr,01 40 08 50 00,True
La Palmeraie Paris,"20 Rue du Colonel Pierre Avia, 75015 Paris",lapalmeraie.paris,01 44 26 01 00,False
H2A Télémarketing,"18 Rue Roger Simon Barboux, 94110 Arcueil",groupeh2a.com,01 40 12 40 10,True
Association Sportive Fontenaisienne,"10 Pl. du Château Sainte-Barbe, 92260 Fontenay-aux-Roses",as-fontenay.fr,01 46 01 98 01,True
EHPAD Résidence Médicis Sartrouville,"41 Av. Jean Jaurès, 78500 Sartrouville",medicissartrouville.com,01 39 14 30 20,True
Epicentre - Médecins Sans Frontières,"14 - 34 Av. Jean Jaurès, 75019 Paris",epicentre.msf.org,01 40 21 55 55,True
Ehpad Les Jardins d'Iroise,"47-57 Bd Pasteur, 95210 Saint-Gratien",lesjardinsiroise.fr,01 39 59 08 88,True
EDM Imaging,"1 Rue des Boisseliers, 95330 Domont",edm-imaging.com,01 30 11 83 00,True
kShuttle,"3 Rue Jules Guesde, 92300 Levallois-Perret",kshuttle.io,01 81 93 40 60,True
Cookie Créations,"4 Rue Henri Becquerel, 77645 Chelles",colorado-cookie.com,01 64 72 00 55,True
Mieux Prescrire,"83 Bd Voltaire, 75011 Paris",NA,01 49 23 72 80,True
Doka,"3 Chem. des Îles, 78610 Le Perray-en-Yvelines",doka.fr,01 34 84 27 27,True
Idemia,"Tour GDF SUEZ, 2 Pl. Samuel de Champlain, 92400 Courbevoie",idemia.com,01 73 60 20 20,True
Carniato Europe,"6 Rte de Stains, 94380 Bonneuil-sur-Marne",carniato.com,01 43 77 39 49,True
L'Arche d'Aigrefoin,"3 Chem. de Chevincourt À Aigrefoin, 78470 Saint-Rémy-lès-Chevreuse",arche-aigrefoin.org,01 30 52 89 89,True
ODDO BHF,"12 Bd de la Madeleine, 75009 Paris",oddo-bhf.com,01 44 51 85 00,True
DPSA,"18/22 Rue Curnonsky, 75017 Paris",dpsa-securite.fr,01 47 31 25 25,True
Sitech France,"15 Av. Condorcet, 91240 Saint-Michel-sur-Orge",sitech-france.fr,01 69 51 60 01,True
Groupe Challancin,"9-11 Av. Michelet, 93400 Saint-Ouen-sur-Seine",groupe.challancin.fr,01 41 66 66 41,True
Korian,"21,23,25 Rue Balzac, 75008 Paris",korian.fr,01 55 37 52 00,False
BSI France,"76 Rue de la Demi Lune, 92800 Puteaux",bsigroup.com,01 80 46 17 91,True
NA,NA,NA,NA,NA
L'Arche à Paris - Namasté,"11 Rue François Mouthon, 75015 Paris",NA,01 45 33 93 67,False
JUMP,"LA DEFENSE CEDEX, 11 Cr Valmy, 92977 Paris",jump-technology.com,01 53 82 80 60,False
CALQ,"6 Rue du Sentier, 75002 Paris",calq.fr,01 44 76 97 97,True
STMicroelectronics,"29 Bd Romain Rolland, 92120 Montrouge",st.com,01 58 07 75 75,True
Agir Securite - Société de Sécurité Paris,"176 Rue Jean Jaurès, 92800 Puteaux",agirsecurite.fr,01 47 28 80 82,True
LAFI,"10 Av. des Louvresses, 92230 Gennevilliers",lafi.fr,0 892 68 52 34,False
Arcade Groupe,"28 Rue Jean Jaurès, 92800 Puteaux",arcade-groupe.com,01 42 91 50 00,True
Antony Courses Express,"1 Rue du Chemin Blanc, 91160 Champlan",ace-transport.com,01 64 47 87 20,True
Agence Mahola,"21 Rue La Boétie, 75008 Paris",mahola.fr,01 70 38 28 80,True
Micropole - Siège social,"91 Rue Carnot, 92300 Levallois-Perret",micropole.com,01 74 18 74 18,True
SWISS LIFE FRANCE,"7 Rue Belgrand, 92300 Levallois-Perret",swisslife.fr,01 46 17 38 38,False
TGS,"37 Rue de la Victoire, 75009 Paris",NA,01 42 80 80 81,True
Apside Paris,"6 Rue Paul Baudry, 75008 Paris",apside.com,01 41 10 01 61,False
Agrana Fruit France,"17 Av. du 8 Mai 1945, 77290 Mitry-Mory",fr.agrana.com,01 64 67 56 00,True
NA,NA,NA,NA,NA
Nobel Biocare France,"45-47 Bd Paul Vaillant Couturier, 94200 Ivry-sur-Seine",nobelbiocare.com,01 49 60 46 00,True
Claye Distribution,"17 All. des Rousselets, 77400 Thorigny-sur-Marne",NA,NA,True
SOFRILOG ORLY Entrepôt 1,"58-62, Rue du Kéfir, 94310 Orly",sofrilog.com,01 45 12 24 24,False
GRESHAM Banque Privée,"20 Rue de la Baume, 75008 Paris",gresham-banque-privee.fr,01 55 31 24 00,True
Intersav,"26 Av. Michelet, 93400 Saint-Ouen-sur-Seine",NA,NA,True
Mercedes-Benz - Como Bondy,"113 Av. Gallieni, 93140 Bondy",como.fr,01 48 47 29 11,True
NA,NA,NA,NA,NA
Exane,"6 Rue Ménars, 75002 Paris",exane.com,01 44 95 40 00,True
Chantiers Yvelines,"24 Rue du Maréchal Joffre, 78000 Versailles",chantiers-yvelines.fr,01 39 07 25 35,True
EHPAD Les Jardins de Roinville,"17 Rue du Petit Château, 91410 Roinville",lesjardinsderoinville.com,01 60 81 17 40,True
AUDITOIRE,"44 Rue Copernic, 75116 Paris",auditoire.com,01 56 03 57 03,True
SFPA,"35 Rue de Lamirault, 77090 Collégien",sa-sfpa.com,01 71 58 17 38,True
Valeo Thermique Habitacle,"8 Rue Louis Lormand, 78321 La Verrière",valeo.com,01 34 61 57 00,True
Sodica.,"541 Rte d'Andrésy, 78955 Carrières-sous-Poissy",NA,NA,False
Alazard SAS,"60 Rue Guy Môquet, 94500 Champigny-sur-Marne",alazard-sas.com,01 47 06 30 00,True
A.d.m.r,"66 Rue Charles de Gaulle, 77720 Mormant",admr.org,01 64 06 96 41,True
Smart Rx,"137 Rue d'Aguesseau, 92100 Boulogne-Billancourt",smart-rx.com,0 825 55 60 01,True
Elex Paris Ile de France,"18 Rue Hélène et François Missoffe, 75017 Paris",NA,01 40 08 68 68,True
Hôpital privé de la Seine-Saint-Denis - Ramsay Santé,"7 Av. Henri Barbusse, 93150 Le Blanc-Mesnil",ramsaysante.fr,01 86 86 34 44,True
Iliad,"16 Rue de la Ville-l'Évêque, 75008 Paris",iliad.fr,01 73 50 20 00,True
EY France,"Tour First, La défense FR, 1 Pl. des Saisons, 92400 Courbevoie",ey.com,01 46 93 60 00,True
TDF,"155 bis Av. Pierre Brossolette, 92120 Montrouge",tdf.fr,01 55 95 10 00,True
Mazars - Expertise Comptable - Paris-La Défense,"61 Rue Henri Regnault, 92400 Courbevoie",mazars.fr,01 49 97 60 00,False
Opel Bank S.A.,"2 Bd de l'Europe, 78300 Poissy",NA,02 56 80 90 84,False
IREA Ascenseurs,"30 32 Chem. Latéral, 92220 Bagneux",irea.fr,01 40 92 92 26,True
SAINT LAURENT Paris Head Office,"37 Rue de Bellechasse, 75007 Paris",ysl.com,01 56 62 62 72,True
SIP Société d'Information Périphérique,"37 Rue du Général Leclerc, 77120 Coulommiers",NA,01 64 20 73 60,True
ROCHELOIS NOTAIRES,"22 Rue Bayen, 75017 Paris",rochelois.notaires.fr,01 44 09 40 00,True
NA,NA,NA,NA,NA
EHPAD Résidence de l'Esplanade,"5 Rue de Montlhéry, 91360 Épinay-sur-Orge",residence-esplanade.fr,01 69 09 06 11,True
Centre de musique baroque de Versailles,"22 Av. de Paris, 78000 Versailles",cmbv.fr,01 39 20 78 10,True
Passat France,"2 Rue Alfred de Vigny, 78112 Saint-Germain-en-Laye",NA,01 30 08 24 40,False
Odyssées vers l'Emploi,"8 / 10 Bd Edmond Rostand, 92500 Rueil-Malmaison",odyssees-emploi.org,01 47 51 14 25,True
AJ Timber,"9 Rue du Buisson Rondeau, 91650 Breuillet",ajtimber.fr,01 69 94 15 15,False
Ralph Lauren France,"23 Rue de Vienne, 75008 Paris",ralphlauren.fr,NA,True
France III,"28 All. des Hautes Futaies, 91450 Soisy-sur-Seine",NA,01 60 75 99 00,True
NA,NA,NA,NA,NA
Riber,"31 Rue Casimir Périer, 95870 Bezons",riber.com,01 39 96 65 00,True
SFR Paris Commerce,"56 Rue du Commerce, 75015 Paris",boutique.sfr.fr,01 42 50 11 11,False
NA,NA,NA,NA,NA
Espace Aubade Chadapaux Bobigny,"88, Rue Saint André - Z.I. Les Vignes, 93000 Bobigny",espace-aubade.fr,01 48 45 33 89,True
AXYS CONSULTANTS - 92300,"157 Rue Anatole France, 92300 Levallois-Perret",axys-consultants.com,01 81 93 01 10,True
Mandon,"3 Rue de Bassano, 75116 Paris",mandon.fr,01 53 57 42 60,True
Vivendi,"42 Av. de Friedland, 75008 Paris",vivendi.com,01 71 71 10 00,True
"Sponsorisé
Free - Boutique Paris Ternes","69 Av. des Ternes, 75017 Paris",free.fr,NA,False
Bouygues Construction,"1 Av. Eugène Freyssinet, 78280 Guyancourt",bouygues-construction.com,01 30 60 33 00,False
Uni-Médias,"22 Rue Letellier, 75015 Paris",uni-medias.com,01 43 23 45 72,True
RTL2,"56 Av. Charles de Gaulle, 92200 Neuilly-sur-Seine",rtl2.fr,01 41 92 40 20,True
Rentokil Initial,"145 Rue de Billancourt, 92100 Boulogne-Billancourt",NA,NA,False
Lidl France,"72 Av. Robert Schuman, 94533 Rungis",lidl.fr,01 56 71 34 00,True
Tea Région Parisienne,"16 Rue Clément Ader, 91700 Fleury-Mérogis",charlesandre.com,01 69 46 76 76,True
Prévoir Vie Groupe Prévoir,"19 Rue d'Aumale, 75009 Paris",prevoir.com,09 69 32 19 01,True
ALTAIR SECURITE,"212 Bd Anatole France, 93200 Saint-Denis",altairsecurite.fr,01 49 71 14 90,True
Asgarth Consultants,"26 Rue du Moulin Bailly, 92250 La Garenne-Colombes",NA,01 46 67 77 77,True
NA,NA,NA,NA,NA
Actemium,"7 Av. Roger Hennequin, 78193 Trappes",actemium.com,01 30 16 55 00,True
Groupe Geraud,"27 Bd de la République, 93190 Livry-Gargan",groupegeraud.fr,01 43 02 57 27,True
The Westin Paris Vendôme,"3 Rue de Castiglione, 75001 Paris",marriott.com,01 44 77 11 11,True
BOGE Elastmetall,"2-4 Av. Clément Ader, 77610 Fontenay-Trésigny",boge-rubber-plastics.com,01 64 51 40 40,True
Europe 2,"2 Rue des Cévennes, 75015 Paris",europe2.fr,NA,False
NA,NA,NA,NA,NA
J.A.S Jet Air Service,"Rue Paul Séramy, 77990 Le Mesnil-Amelot",jas.com,01 64 02 50 50,False
Rapide Intervention Sur Feux,"17 Rue des Combeaux, 77400 Carnetin",NA,NA,True
Lincoln Transition Executive,"116 Bis Av. des Champs-Élysées, 75008 Paris",lincoln-group.fr,01 56 59 10 20,True
C.s.m.b,"4 Rue Charles Beauvais, 94380 Bonneuil-sur-Marne",NA,01 43 39 17 14,True
DESCHAMPS – Entreprise de bâtiment,"16 Rue Léopold Rechossière, 93300 Aubervilliers",sa-deschamps.com,01 48 11 10 10,True
Bmw Finance,"5 Rue des Hérons, 78180 Montigny-le-Bretonneux",NA,NA,True
Globéo Travel,"18 Rue Jean Giraudoux, 75116 Paris",globeotravel.fr,01 76 49 43 60,True
Coca-Cola France,"9 Chem. de Bretagne, 92130 Issy-les-Moulineaux",cocacolaep.com,01 58 00 26 00,True
Action Emploi,"8 Av. du 8 Mai 1945, 91150 Étampes",NA,NA,True
Seres,"Quai de Bercy, 94220 Charenton-le-Pont",seres.fr,01 56 29 79 00,False
Vrd,"13 B Rue le Bois Cerdon, 94460 Valenton",NA,NA,True
Fraikin France,"9 Rue du Débarcadère, 92700 Colombes",fraikin.com,01 49 03 68 00,True
McDonald's,"3 Rue de la Croix des Maheux, 95000 Cergy",restaurants.mcdonalds.fr,01 30 30 33 17,True
EHPAD Résidence de la Tour,"44 Av. du Maréchal Foch, 78700 Conflans-Sainte-Honorine",laresidencedelatour.com,01 39 19 29 12,True
Bruneau,"19 Av. de la Baltique, 91140 Villebon-sur-Yvette",bruneau.fr,09 77 41 29 10,True
Clinique Floréal,"40 Rue Floréal, 93170 Bagnolet",cliniquefloreal.com,01 48 97 72 00,True
BIG BENNES,"ZA du Mont St Sébastien, Rue de Mont, 77111 Soignolles-en-Brie",bigbennes.com,01 64 06 72 93,True
Le Gourmet Parisien,"ZI du Moulin, 16 Rue du Meunier, 95700 Roissy-en-France",NA,01 30 18 17 17,True
Amh,"100 Av. du Général Leclerc, 93500 Pantin",NA,01 48 44 18 08,False
Europhone,"8 Terr. Bellini, 92800 Puteaux",europhone.fr,01 55 91 97 00,True
Infotel Conseil,"13 Rue Madeleine Michelis, 92200 Neuilly-sur-Seine",infotel.com,01 55 62 19 20,True
Métiers et Passions,"11 Av. du Fief, 95310 Saint-Ouen-l'Aumône",metiers-et-passions.com,01 34 30 39 00,False
MDS,"22 Rue Robert Benoist, 91410 Dourdan",NA,01 60 81 87 00,True
Tilt Services,"53 Rue Francis Combe, 95000 Cergy",tiltservices.org,01 30 30 64 00,True
ASL Airlines France,"Le Séquoia, 15 Rue du Haut de Laval, 93290 Tremblay-en-France",aslairlines.fr,01 48 16 47 47,True
SMC France,"1 Bd de Strasbourg, 77600 Bussy-Saint-Georges",smc-france.fr,01 64 76 10 00,True
EMITECH,"ZA de l'Observatoire, 3 Av. des Coudriers, 78180 Montigny-le-Bretonneux",emitech.fr,01 30 57 55 55,True
Tempur France,"8 Avenue du XXI Siecle - ZAC des Tulipes, 95500 Gonesse",fr.tempur.com,01 34 29 09 00,True
NA,NA,NA,NA,NA
Das ravalement,"69 Av. de la République, 92320 Châtillon",NA,01 46 55 14 64,False
Revima / Revima SOA,"13 Av. des Gros Chevaux, 95310 Saint-Ouen-l'Aumône",revima-group.com,01 34 40 36 36,False
Ami Services,"31 Cr Albert 1er, 95600 Eaubonne",ami-services.fr,01 39 59 22 33,True
Moody's France,"96 Bd Haussmann, 75008 Paris",moodysanalytics.com,NA,False
Paris Habitat,"21 bis Rue Claude Bernard, 75005 Paris",parishabitat.fr,NA,True
La Ressourcerie d'IMAJ,"Indiquer sur GPS : destination Piscine de Villliers Le Beel, 22 Av. du Champ Bacon, 95400 Villiers-le-Bel",laressourcerie.imaj95.fr,01 39 86 70 10,False
NA,NA,NA,NA,NA
Right Garon Bonvalot,"65 Rue de la Victoire, 75009 Paris",NA,01 53 21 62 00,False
Verisure (siège social),"1 Pl. du Général de Gaulle, 92160 Antony",verisure.fr,0 800 74 10 01,False
Orange Business Services,"1 Pl. des Droits de l'Homme, 93210 Saint-Denis",cloud.orange-business.com,01 40 91 39 00,True
DECADE,"18 Rue Goubet, 75019 Paris",decade.fr,01 53 38 86 10,True
Association Création Services Paris A.C.S.P,"47 Rue de Lourmel Entree 3, 75015 Paris",acsp-services.fr,01 45 77 45 66,True
Cide Elec,"32 Rue des Entrepreneurs, 91560 Crosne",cide-elec.fr,01 69 48 89 03,True
Fondation Abbé Pierre pour le logement des défavorisés,"3 Rue de Romainville, 75019 Paris",fondation-abbe-pierre.fr,01 55 56 37 00,True
Groupe GLI,"70 Rue de Saint-Denis, 93400 Saint-Ouen-sur-Seine",NA,01 55 56 70 00,True
TSG,"Centre d'affaires, La Boursidière, 92350 Le Plessis-Robinson",tsg-solutions.com,01 41 36 13 00,True
NA,NA,NA,NA,NA
CMI France,"3 Av. André Malraux, 92300 Levallois-Perret",cmifrance.com,01 87 15 21 21,True
GROUPE SAINT LEONARD,"1 Rue du Durteint, 77160 Poigny",groupe-saint-leonard.fr,01 64 00 44 02,True
Intermarché SUPER Provins,"15 Av. du Maréchal de Lattre de Tassigny, 77160 Provins",intermarche.com,01 64 00 10 78,True
NA,NA,NA,NA,NA
Association Dyna'MO,"3 Pass. Salarnier, 75011 Paris",dynamo.asso.fr,01 48 07 28 82,True
Fanuc France,"15 Rue Léonard de Vinci, 91090 Lisses",fanuc.fr,01 72 07 30 00,True
EHPAD Résidence La Forêt de l'Hautil,"34 Rue de l'Hautil, 78570 Andrésy",laforetdelhautil.com,01 39 70 90 10,True
CESA,"37 Rte de Vaugirard, 92190 Meudon",weetec.fr,01 46 26 94 94,True
Safilo France,"20-24 Rue Jacques Ibert, 92300 Levallois-Perret",NA,01 80 04 48 00,True
Vulcanic,"48 Rue Louis Ampère, 93330 Neuilly-sur-Marne",vulcanic.com,01 49 44 49 20,True
Fis,"46 Rue Notre Dame des Victoires, 75002 Paris",NA,NA,True
Louis Vuitton,"2 Rue du Pont Neuf, 75001 Paris",fr.louisvuitton.com,01 55 80 32 00,True
NA,NA,NA,NA,NA
Senior Aerospace Calorstat,"11 Rue des Soufflets, 91410 Dourdan",senior-calorstat.com,01 60 81 54 54,True
Editions Vuibert,"2 Pl. des Cinq Martyrs du Lycée Buffon, 75015 Paris",vuibert.fr,01 42 79 44 00,True
NA,NA,NA,NA,NA
Euro - Vert Tant Qu'il Y Aura La Terre,94460 Valenton,NA,01 43 89 04 04,False
Videojet Technologies France,"16 Av. du Québec, 91140 Villebon-sur-Yvette",videojet.fr,09 77 55 49 82,False
NA,NA,NA,NA,NA
Amphitech,"1 Rue Robert et Sonia Delaunay, 75011 Paris",amphitech.fr,01 43 67 93 77,True
Caudron Meunerie,"36 Av. de la Commune de Paris, 91220 Brétigny-sur-Orge",NA,01 69 88 14 14,True
Permis de Vivre,"23 Rue Bénard, 75014 Paris",permisdevivrelaville.org,01 44 64 70 78,True
EasyVista,"10 All. Bienvenue, 93160 Noisy-le-Grand",easyvista.com,01 55 85 91 00,True
Fives Maintenance,"ZAC Val d'Europe, 6-8 Rue de Rome, 77144 Montévrain",fivesgroup.com,01 64 12 47 62,True
IQVIA,"17 bis Tsse. des Reflets, 92400 Courbevoie",iqvia.com,01 73 20 40 00,False
Fondation Partage et Vie - Aide à domicile Atmosphère Paris,"22 Rue du Sentier, 75002 Paris",fondationpartageetvie.org,01 55 34 13 00,True
Astek Boulogne-Billancourt,"81ter Rue Marcel Dassault 77, 92100 Boulogne-Billancourt",astekgroup.fr,01 88 89 17 68,True
SAS 14 Pyramides Notaires Associés,"29 Av. Mac-Mahon, 75017 Paris",notaires-pyramides.com,01 44 77 37 37,True
EY France,"Tour First, La défense FR, 1 Pl. des Saisons, 92400 Courbevoie",ey.com,01 46 93 60 00,False
Ultrafilter SAS,"6 La Croix Jacquebot, 95450 Vigny",emea.donaldson.com,01 34 48 60 70,False
GN Audio France SA,"Parc Oméga, 3 Bd Jean Moulin bâtiment 2, 78990 Élancourt",jabra.fr,NA,True
PwC France,"63 Rue de Villiers, 92208 Neuilly-sur-Seine",pwc.fr,01 56 57 58 59,True
Ramsay Santé,"39 Rue Mstislav Rostropovitch, 75017 Paris",ramsaysante.eu,01 87 86 23 00,True
Villard Plomberie,"18 Rue Auguste Comte, 92170 Vanves",thierryvillard-plomberie.fr,06 80 13 29 09,False
HERCULE Insertion,"24 Rue Danielle Casanova, 91170 Viry-Châtillon",hercule-multiservices.fr,01 69 45 52 52,True
GRAHAL - Groupe de Recherche Art Histoire Architecture Littérature,"23 Bd Poissonnière, 75002 Paris",grahal.fr,01 49 24 09 57,True
Adelya Terre d'Hygiène,"14 Rue de la Pâture, 95870 Bezons",adelya.net,01 34 23 52 75,False
Sedgwick France,"5 Esp. Charles de Gaulle, 92000 Nanterre",sedgwick.com,01 40 22 80 80,True
Eagc,77680 Roissy-en-Brie,groupekaelis.fr,01 60 28 52 07,True
NA,NA,NA,NA,NA
Enodis,"23 Rue Condorcet, 91700 Fleury-Mérogis",enodis.fr,01 69 02 25 25,True
Holy-Dis,"30 Rue de Mantes, 92711 Colombes",holydis.com,01 55 66 89 89,False
Café Le Carré Élysée.,"49 Av. Franklin Delano Roosevelt, 75008 Paris",NA,01 43 59 91 06,False
Musée d'art et d'histoire du Judaïsme,"Hôtel de Saint-Aignan, 71 Rue du Temple, 75003 Paris",mahj.org,01 53 01 86 53,True
Esri France,"38 Av. du Château, 92195 Meudon",esrifrance.fr,01 46 23 60 60,False
Stordata,"28 Rue Saint-Honoré, 78000 Versailles",stordata.fr,01 30 21 42 42,True
Porsche France,"25 29 Quai Aulagnier, 92600 Asnières-sur-Seine",porsche.com,01 57 65 89 11,True
Sefal Property,"134 Rue Danton, 92300 Levallois-Perret",sefalproperty.com,01 47 58 21 00,True
ALTEN SA,"40 Av. André Morizet, 92100 Boulogne-Billancourt",alten.com,01 46 08 72 00,True
Marionnaud Paris,"115 Rue Réaumur, 75002 Paris",marionnaud.fr,01 40 75 23 00,True
Centre D'Activites Musicales (CAM),"23 Rue des Pinsons, 95610 Éragny",cam-eragny.fr,07 86 14 11 83,False
Groupe Ifop,"78 Rue Championnet, 75018 Paris",ifop.com,01 45 84 14 44,True
AVL LMM,"9 Rue Benoît Frachon, 91120 Palaiseau",avl.com,01 69 19 74 00,True
Sederma,"29 Rue du Chemin Vert, 78610 Le Perray-en-Yvelines",crodapersonalcare.com,01 34 84 10 10,True
A.S.E.C Association Solidarité Emploi Chômage,"2 Bd des Oiseaux, 92700 Colombes",asec-emploi.org,01 47 81 72 28,True
Eden Park,"10-12 Rue de Mont-Louis, 75011 Paris",NA,01 70 92 50 00,True
Assoc Institut Edouard Claparede,"5 Rue du Général Cordonnier, 92200 Neuilly-sur-Seine",institut-claparede.fr,01 47 45 23 70,True
CHEP France,"1 Rue Mozart, 92110 Clichy",chep.com,01 49 68 29 40,True
Cosem - Centre dentaire Magenta,"124 bis Bd de Magenta, 75010 Paris",centre-dentaire-magenta.com,01 53 20 37 20,True
Global Blue France,"103-105 Rue Anatole France, 92300 Levallois-Perret",global-blue.com,01 41 61 51 51,True
Emulithe Villeneuve Le Roi / Eurovia Île de France,"Voie de Seine, 94290 Villeneuve-le-Roi",emulithe.fr,01 49 61 47 00,True
L'Essor,"21 Rue du Dr Emile Roux, 95110 Sannois",essor-tp.fr,01 30 25 81 81,True
U N I R H 75,"00043 Bis Rue d'Hautpoul, 75019 Paris",unirh75.org,01 44 52 40 60,False
Air Liquide Medical Systems,"6 Rue Georges Besse, 92160 Antony",airliquidehealthcare.com,01 40 96 66 00,True
Fenwick-Linde,"1 Rue du Maréchal de Lattre de Tassigny, 78990 Élancourt",fenwick-linde.fr,01 30 68 44 12,True
STILL France,"6 Bd Michael Faraday, 77700 Serris",still.fr,01 64 17 40 00,True
NA,NA,NA,NA,NA
Prima Solutions,"6 Rue Marius Aufan, 92300 Levallois-Perret",prima-solutions.com,01 70 91 24 30,True
Lagardère Travel Retail France,"4 Av. André Malraux, 92300 Levallois-Perret",lagardere-tr.fr,01 40 87 26 00,False
LAPEYRE Siège Social,"2 Rue André Karman, 93300 Aubervilliers",lapeyre.fr,01 48 11 74 00,True
Ilex,"51 Bd Voltaire, 92600 Asnières-sur-Seine",ilex-international.com,01 46 88 03 40,True
Pyxidis,"9 Rte de Marcilly, 77165 Saint-Soupplets",NA,NA,True
Solipro,"11 Av. Dubonnet, 92400 Courbevoie",solipro.fr,01 46 67 58 81,True
Rothschild & Co,"23B Av. de Messine, 75008 Paris",rothschildandco.com,01 53 77 65 10,False
ESSOR,"Place du Dr Pierre, 13 Place du Docteur Pierre, 92000 Nanterre",NA,01 47 25 02 03,True
Garmin France,"55 Av. des Champs Pierreux, 92000 Nanterre",garmin.com,01 55 17 81 81,True
STACI 1,"ZAC des Béthunes, 36 Av. du Fond de Vaux, 95310 Saint-Ouen-l'Aumône",staci.com,01 34 40 29 00,False
Havas Paris,"29 Quai de Dion Bouton, 92800 Puteaux",havasparis.com,01 58 47 93 93,True
Analog Way,"Rue Georges Besse, 92160 Antony",analogway.com,01 81 89 08 60,True
Uniprotect,"143 bis Rue Yves le Coz Hall A, 78000 Versailles",uniprotect.fr,01 39 20 10 10,True
MURPROTEC PARIS,"14 Rue La Fayette, 75009 Paris",hubs.la,0 805 05 00 51,True
Ubiqus,"1 Avenue du Général de Gaulle, 92800 Puteaux",ubiqus.com,01 44 14 15 16,False
Techtronic Industries France SAS,"35 Rue de Guivry, 77990 Le Mesnil-Amelot",NA,01 60 94 69 70,True
NA,NA,NA,NA,NA
E.Leclerc NANTERRE,"99 Rue Paul Vaillant Couturier, 92000 Nanterre",e.leclerc,01 47 24 45 54,True
IECD,"2 Rue Chaintron, 92120 Montrouge",iecd.org,01 45 33 40 50,False
Le Concert Spirituel,"42 Rue du Louvre, 75001 Paris",concertspirituel.com,01 40 26 11 31,True
ADAMA FRANCE,"33 Rue de Verdun, 92150 Suresnes",adama.com,01 41 47 33 33,True
NA,NA,NA,NA,NA
Stimulus,"28 Rue de Mogador, 75009 Paris",stimulus-conseil.com,01 42 96 92 62,True
NeoXam,"46 Rue Notre Dame des Victoires, 75002 Paris",neoxam.com,01 49 11 30 00,True
AIDES (Siège national),"Tour Essor 14 rue Scandicci 93508 Pantin Cedex, 93500 Pantin",aides.org,01 41 83 46 46,True
Carmignac,"24 Pl. Vendôme, 75001 Paris",carmignac.fr,01 42 86 53 35,True
Intermarché SUPER Chatenay Malabry,"440 Av. de la Division Leclerc, 92290 Châtenay-Malabry",intermarche.com,01 46 31 14 21,True
Compagnie des Alpes,"50-52 Bd Haussmann, 75009 Paris",compagniedesalpes.com,01 46 84 88 00,True
Hopening,"4 Rue Bernard Palissy, 92800 Puteaux",hopening.fr,01 78 99 46 46,True
Eowin,"38 Bd Paul Cézanne, 78280 Guyancourt",eowin.com,01 61 08 75 00,True
Villa Jeanne d'Arc,"8 Rue Notre Dame, 95160 Montmorency",villajeannedarc.fr,01 39 64 21 88,True
Schütz France,"Chem. du Buisson Gayet, 91460 Marcoussis",NA,01 69 80 50 00,True
EOS Imaging,"10 Rue Mercœur, 75011 Paris",eos-imaging.com,01 55 25 60 60,True
AMPLI Mutuelle - Libéraux & Indépendants,"27 Bd Berthier, 75858 Paris cedex 17",ampli.fr,01 44 15 20 00,True
"Sponsorisé
MACIF Assurances","27 Rue de la Pépinière, 75008 Paris",agence.macif.fr,09 69 39 49 49,False
ASAMD,"4 Rue Henri Barbusse, 91290 Arpajon",NA,01 60 83 39 09,True
"Fideliance, Cabinet Comptable Fontainebleau (77)","78 Rue Paul Jozon, 77300 Fontainebleau",fideliance.fr,01 64 22 77 44,True
NA,NA,NA,NA,NA
Foret Entreprise,"18 Rue Galilée, 93100 Montreuil",foret-ent.fr,01 48 94 30 58,True
Crédit Coopératif Siège,"12 Bd de Pesaro, 92000 Nanterre",credit-cooperatif.coop,01 47 24 85 00,True
Médiane Système,"54 Rte de Sartrouville, 78230 Le Pecq",medianesysteme.com,01 30 15 95 00,True
Sepur,"Rte des Nourrices, 78850 Thiverval-Grignon",sepur.com,01 30 79 20 00,True
Videlio,"141 Av. des Grésillons, 92230 Gennevilliers",videlio.com,01 46 88 28 28,True
E.Leclerc LE KREMLIN BICETRE CEDEX,"106 Av. de Fontainebleau, 94276 Le Kremlin-Bicêtre",e.leclerc,01 45 21 41 00,True
Société TARDY,"1D Chem. Noir, 95340 Persan",ets-tardy.com,01 39 37 07 10,True
GROUPE DSA,NA,NA,01 69 75 18 70,True
SFEIR,"48 Rue Jacques Dulud, 92200 Neuilly-sur-Seine",sfeir.com,01 41 38 52 00,True
Greenpeace France,"13 Rue d'Enghien, 75010 Paris",greenpeace.fr,01 80 96 96 96,True
YPREMA,"7 Rue Condorcet, 94430 Chennevières-sur-Marne",yprema.fr,01 49 62 01 23,True
Adobe Paris,"94 Rue Lauriston, 75116 Paris",adobe.com,NA,True
Fondation Brigitte Bardot,"28 Rue Vineuse, 75116 Paris",fondationbrigittebardot.fr,01 45 05 14 60,True
Hospitalis,"137 Rue d'Aguesseau, 92100 Boulogne-Billancourt",hospitalis.org,01 49 09 33 99,False
Dubbing Brothers,"19 Rue de la Montjoie, 93210 Saint-Denis",dubbing-brothers.com,01 41 62 74 00,True
EMERIGE - Siège social,"121 Av. de Malakoff, 75116 Paris",groupe-emerige.com,01 47 03 48 63,True
Maisons de Famille La Châtaigneraie,"1 Rue de Franconville, 95240 Cormeilles-en-Parisis",maisonsdefamille.com,01 34 50 41 00,True
Chauffeur privé Paris | Chabé,"91 Av. Jules Quentin, 92000 Nanterre",chabe.fr,01 41 20 95 10,True
Clinique du Trocadéro,"62 Rue de la Tour, 75116 Paris",trocadero-cliniques-paris.fr,01 40 72 41 10,True
NA,NA,NA,NA,NA
Cyrus Conseil,"50 Bd Haussmann, 75009 Paris",cyrusconseil.fr,01 53 93 23 23,True
Travail Entraide,"50 Av. de la Gare, 77350 Le Mée-sur-Seine",travail-entraide.com,01 60 56 50 70,True
EGRPB,"7 Rue Clément Ader, 91700 Fleury-Mérogis",egrpb.com,01 69 46 35 36,True
DMG MORI France,"Parc du Moulin, 1 Rue du Noyer, 95700 Roissy-en-France",fr.dmgmori.com,01 39 94 68 00,True
Gartner,"20 Av. André Prothin, 92400 Courbevoie",gartner.com,01 71 01 31 00,True
SMTP,"3-7 Bd de la Muette, 95140 Garges-lès-Gonesse",smtp-promotion.com,01 34 07 17 77,True
Citémétrie,"23 Rue de la Tombe Issoire, 75014 Paris",citemetrie.fr,01 53 91 03 07,True
Malherbe Paris,"64 Rue de Rome, 75008 Paris",malherbe.paris,01 53 42 48 48,True
Fédération Emmaüs France,"47 Av. de la Résistance, 93100 Montreuil",emmaus-france.org,01 41 58 25 00,True
Wala France,"9 Rue Pierre Dupont, 75010 Paris",NA,01 56 29 14 30,True
Boursorama,"44 Rue Traversière, 92100 Boulogne-Billancourt",groupe.boursorama.fr,NA,True
Super U et Drive,"4 Av. Ardouin, 94420 Le Plessis-Trévise",coursesu.com,01 45 76 66 61,True
McDonald's,"Lieu Dit Les Monts Joies, Rue Du Pont Au Pins, Rn , 20, N20, 91310 Montlhéry",mcdonalds.fr,01 69 63 34 20,False
Acrelec Group,"2 Rue Louis de Broglie, 77400 Saint-Thibault-des-Vignes",acrelec.com,01 72 03 24 10,True
Les Trois Peuples,78180 Montigny-le-Bretonneux,NA,NA,False
Atelier Artistique Béton A.A.B,"1 Rue Blaise Pascal, 77720 Mormant",aab-fr.com,01 64 06 55 20,True
NA,NA,NA,NA,NA
SIG France,"40 Rue Gabriel Crié, 92240 Malakoff",sigplc-france.fr,01 49 65 33 66,True
TELEREP France Agence Ile-de-France/Siège,"ZAI du Petit Parc, 23 Rue des Fontenelles, 78920 Ecquevilly",telerep.fr,01 39 29 01 50,True
Hôtel restaurant Campanile Marne La Vallée - Torcy,"34 Rue du Général de Gaulle, 77200 Torcy",campanile.com,01 60 17 84 85,True
Hitachi Rail STS France,"Ansaldo-STS - Batiment B, 4 Av. du Canada, 91940 Les Ulis",hitachirail.com,01 69 29 65 65,True
McDonald's Coignières,"134 N10, 78310 Coignières",restaurants.mcdonalds.fr,01 34 61 35 61,True
Forever Living Products France,"107 Bd Malesherbes, 75008 Paris",foreverliving.fr,01 45 00 05 01,True
Grands Moulins de Paris,"99 Rue Mirabeau, 94200 Ivry-sur-Seine",grandsmoulinsdeparis.com,01 49 59 75 00,True
Versailles Chantiers,"4 Rue de l'Abbé Rousseaux, 78000 Versailles",gares-sncf.com,NA,False
Tang Frères,"8 Rue Nicolas Appert, 77185 Lognes",tang-freres.fr,01 64 62 98 88,False
Sodiaal,"200 Rue Raymond Losserand, 75014 Paris",sodiaal.fr,01 44 10 90 10,True
IMX France,"110Bis Av. du Général Leclerc, 93500 Pantin",imxpostal.com,NA,True
M.T.R Batiment,"9 Rue René Cassin, 77173 Chevry-Cossigny",mtrbatiment.com,01 60 62 32 00,True
INSPEARIT,"21 Rue de la Banque, 75002 Paris",inspearit.fr,01 80 06 84 33,True
IKEA Plaisir,"202 Rue Henri Barbusse, 78370 Plaisir",ikea.com,09 69 36 20 06,True
Dexia Crédit Local,"Tour Dexia - La défense 2, 1 Passerelle des Reflets, 92400 Courbevoie",dexia-creditlocal.fr,01 58 58 77 77,False
Temsys,"15 All. de l'Europe, 92110 Clichy",NA,NA,True
4D Concept,"41 Av. du Centre, 78180 Montigny-le-Bretonneux",4dconcept.fr,01 61 08 50 20,True
Soletanche Bachy Fondations Spéciales,"18 Rue des Pyrénées, 91320 Wissous",sbfs.fr,01 56 70 27 60,True
Pipière de Paris Sté,"38 Rue Benoît Frachon, 94500 Champigny-sur-Marne",NA,01 45 16 18 45,True
URSA,"9 Prte de Neuilly, 93160 Noisy-le-Grand",ursa.fr,NA,True
Pharmactiv,"2 Rue Galien, 93400 Saint-Ouen-sur-Seine",pharmactiv.fr,01 49 18 73 20,True
CANDIA,"200 Rue Raymond Losserand, 75014 Paris",candia.fr,01 86 92 49 57,True
mc2i,"51 Rue François 1er, 75008 Paris",mc2i.fr,01 44 43 01 00,True
La Financière de l'Echiquier,"53 Av. d'Iéna, 75116 Paris",NA,NA,True
Bimbo QSR Fleury Merogis,"22 Rue Condorcet, 91700 Fleury-Mérogis",NA,NA,True
McDonald's Brétigny-sur-Orge,"Centre Commercial Auchan, Av. de la Maison Neuve, 91220 Brétigny-sur-Orge",restaurants.mcdonalds.fr,01 60 85 06 10,True
Wortest,"2 Bd de la Libération, 93200 Saint-Denis",NA,01 55 87 23 99,True
Otcex Sa,"22 Rue des Capucines, 75002 Paris",otcexgroup.com,01 56 68 45 40,True
Societe D 'exploitation D'angervillier,"Rue de Machery, 91470 Angervilliers",NA,01 60 81 69 00,True
Lazard Frères Gestion,"25 Rue de Courcelles, 75008 Paris",lazardfreresgestion.fr,01 44 13 01 11,True
"Sponsorisé
Shiva Paris 16ème Nord | Ménage et repassage à domicile","16 Rue Benjamin Franklin, 75116 Paris",shiva.fr,01 83 79 12 92,False
Expleo - Site de Saint-Quentin-en-Yvelines,"3 Av. des Prés, 78180 Montigny-le-Bretonneux",expleogroup.com,01 30 12 25 00,True
Sic Express,NA,NA,01 34 45 18 00,True
KYOCERA Document Solutions France,"Espace Technologique de Saint-Aubin, Route de l'Orme, 91190 Gif-sur-Yvette",kyoceradocumentsolutions.fr,01 69 85 26 00,True
AURES Technologies SA,"24 bis Rue Léonard de Vinci, 91090 Lisses",aures.com,01 69 11 16 60,True
Lhoist France,"Tour Winterthur, 102 Terr. Boieldieu, 92800 Puteaux",lhoist.fr,01 53 45 53 45,True
Prodware,"45 Quai de la Seine, 75019 Paris",prodwaregroup.com,09 79 99 97 99,True
Crédit Agricole de Montparnasse Arrivée,"8 Bd de Vaugirard, 75015 Paris",ca-paris.fr,01 40 64 18 90,False
Centre Médical Et Dentaire Opéra,"31-33 Rue de Caumartin, 75009 Paris",cmopera.fr,01 44 51 68 28,True
Eurotitrisation,"12 Rue James Watt, 93200 Saint-Denis",eurotitrisation.fr,01 74 73 04 74,True
Ophtalmic Compagnie,"Paris Nord II - Bâtiment Eddington, 33 Rue des Vanesses, 93420 Villepinte",ophtalmic-compagnie.fr,0 820 77 75 00,True
RENAULT CORBEIL - GROUPE MAURIN,"46 Av. du 8 Mai 1945, 91100 Corbeil-Essonnes",concessionnaire.renault.fr,01 60 90 50 50,True
Microsoft France,"37 Quai du Président Roosevelt, 92130 Issy-les-Moulineaux",microsoft.com,09 70 01 90 90,True
"Loomis FX, Gold and Services (CPoR Devises)","42 Rue Benoît Malon, 94250 Gentilly",loomis-fxgs.fr,01 49 70 55 00,True
Éditions Hatier,"8 Rue d'Assas, 75006 Paris",editions-hatier.fr,01 49 54 49 54,True
Kimberly Clark,"55 Av. des Champs Pierreux, 92000 Nanterre",kcprofessional.com,01 41 91 97 00,True
MM,"8 Rue de Lisbonne, 93110 Rosny-sous-Bois",mm-btp.com,01 58 66 04 04,True
Kloeckner Metals France,"173-179 Bd Félix Faure, 93300 Aubervilliers",kloecknermetals.fr,01 48 39 77 77,False
BARRY CALLEBAUT,"5 Bd Michelet, 78250 Hardricourt",NA,NA,True
EHPAD Les Jardins d'Iroise de Dammarie-les-Lys,"84 Rue Pierre Curie, 77190 Dammarie-les-Lys",lesjardinsiroise.fr,01 64 79 35 35,True
Théorème - A Howden Company,"13 Rue La Fayette, 75009 Paris",theoreme.fr,01 55 32 72 00,True
Eiffage Services,"3-7 Pl. de l'Europe, 78140 Vélizy-Villacoublay",eiffageconcessions.com,02 34 65 89 89,False
GTA GE,"152 Rue de Picpus, 75012 Paris",gtage.fr,01 43 43 56 29,True
Eneria CAT,"Rue de Longpont, 91310 Montlhéry",eneria.fr,01 69 80 21 00,True
Electric Station Climatisation,"82 Rte de Cormeilles, 78500 Sartrouville",esc-clim.com,01 61 04 41 41,True
Europe 2,"2 Rue des Cévennes, 75015 Paris",europe2.fr,NA,True
3C Competence Cuisine Collective,"40 Rue des Mathouzines, 95170 Deuil-la-Barre",cuisine3c.com,01 30 10 07 00,True
Tarkett,"Tour Initiale, 1 Terr. Bellini, 92800 Puteaux",tarkett.fr,01 41 20 40 40,True
Polyconseil,"14-16 Bd Poissonnière, 75009 Paris",polyconseil.fr,01 58 18 67 40,False
CCLS Leasing Solutions,"17 bis Pl. des Reflets Tour D2, 92400 Paris La Défense Cedex",ccls-leasing.fr,01 46 14 75 75,True
SPHERE FRANCE - 75116,"3 Rue Scheffer, 75116 Paris",NA,NA,True
Ressorts Huon Dubois R.H.D,"1 Rue Vermont, 78700 Conflans-Sainte-Honorine",rhd.fr,01 39 72 00 01,True
Smiths Medical France,"3 Rue du Pont des Halles, 94150 Rungis",smiths-medical.com,01 58 42 50 00,True
Psi,"153 Bd Anatole France, 93200 Saint-Denis",NA,06 33 80 69 41,False
Autodesk,"8 Pl. des Vins de France, 75012 Paris",autodesk.fr,01 46 46 38 00,True
Bennes Services,"270 Av. du Maréchal Foch, 77860 Quincy-Voisins",bennes-services.com,01 60 42 28 28,True
Hard Rock Cafe,"14 Bd Montmartre, 75009 Paris",hardrockcafe.com,01 53 24 60 00,True
ITNOVEM.,"1 Av. François Mitterrand, 93210 Saint-Denis",itnovem.com,09 88 81 67 00,True
TEDIS,"9 Av. d'Ouessant, 91140 Villebon-sur-Yvette",NA,01 64 53 15 64,True
RENAULT ARGENTEUIL - ROUSSEAU AUTOMOBILE,"139 Bd Jean Allemane, 95100 Argenteuil",renault-argenteuil.fr,01 30 37 47 62,False
Bronzavia Industrie,"35 Rue de Beauce, 78500 Sartrouville",bronzavia.com,01 61 04 72 30,True
NA,NA,NA,NA,NA
NA,NA,NA,NA,NA
Ehpad Tamias,"18 Rte de Boussy-Saint-Antoine, 91480 Quincy-sous-Sénart",residence-tamias.fr,01 69 00 56 56,True
IRi,"4 Rue André Derain, 78240 Chambourcy",iriworldwide.com,01 30 06 22 00,True
Lefèvre Gennevilliers,"23 Bd Louise Michel, 92230 Gennevilliers",lefevre.fr,01 41 11 56 50,True
M2EP,"45 Rue du 8 Mai 1945, 94700 Maisons-Alfort",m2esa.fr,01 43 53 63 00,True
Initiatives Formation Paris sud,"43 Bd du Maréchal Joffre, 92340 Bourg-la-Reine",initiatives.asso.fr,01 41 13 48 23,True
Teleperformance France,"12/14/16 Rue Sarah Bernhardt 12/14/16, 92600 Asnières-sur-Seine",teleperformance.com,01 58 69 36 10,True
Veolia Water Technologies,"1 Pl. Montgolfier, 94410 Saint-Maurice",veoliawatertechnologies.com,01 45 11 55 55,True
E.g.s (Société),"33 Ter Rue Lécuyer, 93400 Saint-Ouen-sur-Seine",egs-sa.com,01 40 11 20 40,False
Assistance Aéronautique et Aérospatiale,"10 Rue Mercœur, 75011 Paris",aaa-aero.com,01 48 06 85 85,True
AXA Investment Managers Paris,"Tour Majunga La Défense, 6 Pl. de la Pyramide, 92800 Puteaux",axa-im.fr,01 44 45 70 00,True
Espace Saint Denis Primeurs,"229 Av. de la République, 93800 Épinay-sur-Seine",espace-primeurs.fr,01 58 34 72 20,True
Association ALTERALIA,"51 Rue de la Commune de Paris, 93300 Aubervilliers",alteralia.com,01 43 52 29 69,True
Patibio,"1 Rue des Frenes, 95610 Éragny",patibio.com,01 34 42 19 66,True
NA,NA,NA,NA,NA
ES Equipements Scientifiques,"127 Rue de Buzenval, 92380 Garches",es-france.com,01 47 95 99 00,True
Nilfisk France,"26 Av. de la Baltique, 91140 Villebon-sur-Yvette",nilfisk.fr,01 69 59 87 00,True
E.Leclerc RUEIL MALMAISON,"58 Av. de Fouilleuse, 92500 Rueil-Malmaison",e.leclerc,01 47 10 04 50,True
SQORUS (ex S&H),"25 Rue de Maubeuge, 75009 Paris",sqorus.com,01 44 54 26 36,True
TITRAFILM,"9-11 Rue Rolland, 93400 Saint-Ouen-sur-Seine",titrafilm.com,01 49 45 40 00,False
VEGA Investment Managers,"115 Rue Montmartre, 75002 Paris",vega-im.com,01 58 19 61 00,True
SECTA AUTOSUR,"20ter Rue de Bezons, 92400 Courbevoie",controle-technique.autosur.fr,01 49 04 15 00,False
Transports Toussaint,"Rue du Chemin Vert, 78610 Le Perray-en-Yvelines",transports-toussaint.fr,01 34 84 69 99,True
Warner Bros. Discovery Sports EMEA,"3 Rue Gaston et René Caudron, 92130 Issy-les-Moulineaux",discoverysports.com,01 40 93 80 00,True
OBO Bettermann France - Siège social et stock nord,"34 Av. du Fief, 95310 Saint-Ouen-l'Aumône",obo.fr,01 34 40 70 20,True
Fresnes Service,"1 Av. des Prés, 94260 Fresnes",fresnes94.fr,01 46 68 20 68,True
NOVATLAS Groupe,"24 Bd Paul Vaillant Couturier, 94200 Ivry-sur-Seine",novatlas.com,01 43 28 26 28,True
Tencate Geosynthetics,"9 Rue Marcel Paul, 95870 Bezons",tencategeo.eu,01 34 23 53 63,True
TECMA ARIES,"11 A Bd de la Marne, 77120 Coulommiers",tecma-aries.com,01 64 04 51 80,True
SQLI Digital Experience,"166 Rue Jules Guesde, 92300 Levallois-Perret",sqli.com,01 85 64 20 20,True
NA,NA,NA,NA,NA
Computer Trade Service,"8 All. des Vendanges, 77183 Croissy-Beaubourg",NA,01 64 80 02 02,False
La Poste,"7 Rue du Colonel Pierre Avia LE LEMNYS 2, 75015 Paris",localiser.laposte.fr,NA,False
Mazars - Expertise Comptable - Paris-La Défense,"61 Rue Henri Regnault, 92400 Courbevoie",mazars.fr,01 49 97 60 00,False
HR Path,"La Défense, Tour Franklin, 100-101 Terr. Boieldieu, 92060 Paris",hr-path.com,01 53 62 22 14,False
Plantex,"6 Rue d'Alembert, 91240 Saint-Michel-sur-Orge",plantex.fr,01 60 16 69 25,True
Infor France,"3 Rue Joseph Monier, 92500 Rueil-Malmaison",infor.com,01 86 99 83 00,True
Banque Neuflize OBC,"3 Av. Hoche, 75008 Paris",neuflizeobc.fr,01 56 21 70 00,True
Ami Services Boucles de Seine,"89 Rue de la Muette, 78600 Maisons-Laffitte",amiservices-bouclesdeseine.fr,01 39 62 30 30,True
Eri Bancaire,"49 Av. Hoche, 75008 Paris",NA,01 55 37 85 85,True
Editis,"92 Av. de France, 75013 Paris",editis.com,01 53 53 30 00,True
Hertz France,"6 Av. Gustave Eiffel, 78180 Montigny-le-Bretonneux",hertz.fr,01 73 13 78 00,True
EQIOM,"Colisée Gardens, 10 Av. de l'Arche, 92400 Courbevoie",eqiom.com,01 41 06 11 00,True
Hôtel Mercure Paris Vélizy,"22 Av. de l'Europe, 78140 Vélizy-Villacoublay",all.accor.com,01 39 46 96 98,True
Rustica,"57 Rue Gaston Tessier, 75019 Paris",rustica.fr,01 53 26 33 00,True
Amgen,"Arcs de Seine, 20 Quai du Point du Jour, 92100 Boulogne-Billancourt",amgen.fr,01 70 28 90 00,True
GT Ile de France Sud,"Immeuble STRAGIC ORLY, 13-15 Rue du Pont des Halles Bâtiment B47 1ème étage, 94150 Rungis",gt-solutions.fr,01 49 78 60 01,True
Domicile Services De Seine Et Marne,"32 Rue des Aubépines, 77370 Nangis",domicile-services-77.com,NA,False
SDFR (Soins à Domicile Fontainebleau et sa Région),"107 Av. de Nemours, 77210 Avon",sdfr77.fr,01 60 72 37 97,True
MBDA,"1 Av. Réaumur, 92350 Le Plessis-Robinson",mbda-systems.com,01 71 54 10 00,True
Horis Services,"17 Rue des Frères Lumière, 77290 Mitry-Mory",horis-services.fr,0 800 00 69 19,True
Héli-Union,"Aérodrome de Toussus-le-Noble, 78117 Châteaufort",heli-union.com,01 39 25 84 84,True
Straumann France,"2 Rue Roger-Salengro, 94120 Fontenay-sous-Bois",straumann.fr,01 64 17 30 00,True
Direct Assurance,"48 Rue Carnot, 92150 Suresnes",direct-assurance.fr,09 70 80 80 04,True
Le Lien,"1 All. des Aulnes, 78190 Trappes",lelien.fr,01 61 31 27 70,False
Hôtel Mercure Paris Boulogne,"37 Pl. René Clair, 92100 Boulogne-Billancourt",all.accor.com,01 49 10 49 00,True
Air Liquide France Industrie / Air Liquide Santé International,"10 Av. Aristide Briand, 92220 Bagneux",airliquide.com,NA,True
Executive Relocations,"9 Rue Thomas Edison, 92230 Gennevilliers",executive-relocations.com,01 41 21 70 70,True
Boutique Fursac Richelieu,"112 Rue de Richelieu, 75002 Paris",fursac.com,01 42 33 52 19,True
ICARE,"93 Rue Nationale, 92100 Boulogne-Billancourt",icare-service.com,01 41 10 19 30,True
Opéra de Massy,"1 Place de France, 91300 Massy",opera-massy.com,01 60 13 13 13,True
"Sponsorisé
ALDI Dépôt - Dammartin-en-Goële","3472 Rue Clement Ader, 77230 Dammartin-en-Goële",aldi.fr,01 60 94 96 10,False
Eiffage Construction,"11 Pl. de l'Europe CS 50570, 78140 Vélizy-Villacoublay",eiffageconstruction.com,01 34 65 89 89,False
NA,NA,NA,NA,NA
Nature et Découvertes,"2 Pass. des Jardins, 78000 Versailles",natureetdecouvertes.com,01 85 36 04 80,False
GERES Restauration,"1 Rte de Nangis, 77000 Melun",geres.fr,01 64 10 22 90,True
Média Diffusion,"57 Rue Gaston Tessier, 75019 Paris",centprod.com,01 53 26 31 65,True
Quadient France,"7 Rue Henri Becquerel, 92500 Rueil-Malmaison",quadient.com,0 892 89 21 11,True
NA,NA,NA,NA,NA
NA,NA,NA,NA,NA
Egis,"15 Av. du Centre, 78280 Guyancourt",egis.fr,01 39 41 40 00,False
Acer Computer France,"2-8 Rue Sarah Bernhardt, 92600 Asnières-sur-Seine",acer.fr,01 48 63 51 51,True
AVL France,"2-4 Rue Hans List, 78290 Croissy",NA,01 30 15 75 00,True
Fraícheur de Paris,"3 Bd Diderot, 75012 Paris",fraicheurdeparis.fr,01 40 02 78 00,True
Parthena Consultant,"305 Ave le Jour Se Lève, 92100 Boulogne-Billancourt",parthena.com,01 40 95 30 41,True
SOLDIS UDIREV,"Zone Industrielle du Coudray, 8 Rue Nicolas Copernic, 93600 Aulnay-sous-Bois",soldis.com,01 45 91 66 37,True
Framatome,"1 Pl. Coupole Jean Millier, 92400 Courbevoie",framatome.com,01 34 96 10 00,True
NA,NA,NA,NA,NA
Highlands Accueil,"Agence Paris, 68 Rue du Faubourg Saint-Honoré, 75008 Paris",highlands.fr,01 42 96 06 16,False
NA,NA,NA,NA,NA
SAS,"38 Rue du Colisée, 75008 Paris",NA,09 66 90 86 88,False
Egis,"4 Rue Dolorès Ibarruri, 93100 Montreuil",egis.fr,01 49 20 10 00,True
Vtech Electronics Europe,"24 All. des Sablières, 78290 Croissy",vtech-jouets.com,0 805 16 30 30,True
McDonald's,"2, Avenue Jean Moulin Centre Commercial Val d'Yerres 91800 Boussy Saint Antoine FR, 2 Av. Jean Moulin, 91800 Boussy-Saint-Antoine",restaurant.mcdonalds.fr,01 69 00 40 40,True
IMAGINE,"21 Rue Kléber, 92130 Issy-les-Moulineaux",imagine.ac,01 41 46 17 40,False
McDonald's Montigny-lès-Cormeilles,"116 Bd Victor Bordier, 95370 Montigny-lès-Cormeilles",restaurants.mcdonalds.fr,01 34 50 15 00,True
Association Intermédiaire Novemploi,"162 bis Rue Pelleport, 75020 Paris",novemploi.fr,01 49 23 84 85,True
Lincoln,"65 Av. Edouard Vaillant, 92100 Boulogne-Billancourt",lincoln.fr,01 46 08 70 73,True
STEF Bondoufle,"3 Rue Désir Prévost Z.A.C. de la Marinière, 91070 Bondoufle",NA,01 40 74 28 28,True
Bureau Vallée Les Clayes sous Bois (Plaisir) - papeterie et photocopie,"Plaisir FR, 25 Rue du Gros Caillou, 78340 Les Clayes-sous-Bois",magasins.bureau-vallee.fr,01 30 07 55 56,True
Colonna Facility,"52 Bd du Parc Immeuble Newtime, 92200 Neuilly-sur-Seine",colonnafacility.fr,02 54 88 38 10,False
Asterion France,"1 Rue de la Mare Blanche, 77186 Noisiel",NA,NA,True
Credit Immobilier De France Developpement,"26 Rue de Madrid, 75008 Paris",credit-immobilier-de-france.fr,09 69 39 32 51,True
Histoire d'Or,"Centre Commercial Gare St Lazare, 108 Rue Saint-Lazare, 75008 Paris",histoiredor.com,01 44 69 98 30,False
Carrefour Evry Siège social,"ZAE St Guénault, 1 Rue Jean Mermoz 1, 91080 Chevilly-Larue",carrefour.fr,01 60 91 37 37,False
Identités Mutuelle,"24 Bd de Courcelles, 75017 Paris",identites-mutuelle.com,01 43 18 34 00,True
CAST,"3 Rue Marcel Allégot, 92190 Meudon",castsoftware.com,01 46 90 21 00,True
EDF Renouvelables,"Immeuble B, Cœur Défense, 100 Espl. du Général de Gaulle, 92932 Paris La Défense",NA,01 40 90 23 00,True
Nexter,"13 Rte de la Minière, 78000 Versailles",nexter-group.fr,01 39 49 30 00,True
EMPLOI Développement,"70 Rue du Moulin Vert, 75014 Paris",emploideveloppement.org,01 56 56 10 56,True
Clinique d'Yveline - Ramsay Santé,"12 Rte de Rambouillet, 78125 Vieille-Église-en-Yvelines",ramsaysante.fr,01 30 46 68 00,True
Les Portes de Taverny,"Rue Théroigne de Méricourt, 95150 Taverny",lesportesdetaverny.com,01 30 40 13 40,False
SAP France - Paris,"35 Rue d'Alsace, 92300 Levallois-Perret",sap.com,01 46 17 70 00,True
Maison Populaire,"9 bis Rue Dombasle, 93100 Montreuil",maisonpop.fr,01 42 87 08 68,True
McDonald's,"Centre Commercial Continent, 23 Avenue Sadi Carnot, Chem. du Plessis Saint-Père, 91160 Saulx-les-Chartreux",restaurants.mcdonalds.fr,01 69 10 19 80,True
Marco Polo,"1 Rue Mozart, 92110 Clichy",NA,NA,False
ARPEJ,"10 Cr Louis Lumière, 94300 Vincennes",NA,01 58 64 59 50,True
Les Cars Rouges,"10 Rue Clément Ader, 93120 La Courneuve",NA,01 48 36 50 15,False
RATP Real Estate,"12 Av. du Val de Fontenay, 94120 Fontenay-sous-Bois",ratprealestate.com,01 58 77 22 41,True
Orly 1-2-3,94390 Paray-Vieille-Poste,NA,NA,False
Fives Maintenance,"ZAC Val d'Europe, 6-8 Rue de Rome, 77144 Montévrain",fivesgroup.com,01 64 12 47 62,True
E.Leclerc CHELLES,"TRIO FRUITS, 18 Av. Sylvie, 77500 Chelles",e.leclerc,01 60 08 41 60,True
Spie batignolles fondations,"30 Av. du Général Gallieni, 92000 Nanterre",spiebatignolles.fr,01 81 95 02 00,True
Honeywell Process Solutions France,"26 Av. de Winchester, 78100 Saint-Germain-en-Laye",honeywell.com,01 73 62 93 00,True
Pierre et Vacances Conseil Immobilier,"11 Rue de Cambrai, 75947 Paris",NA,01 58 21 58 21,True
Bergerat Monnoyeur,"117 Rue Charles Michels, 93200 Saint-Denis",bm-cat.com,01 49 22 60 61,True
Verifone,"12 Rue Paul Dautier, 78140 Vélizy-Villacoublay",verifone.fr,01 39 45 12 10,True
Association Energie,"225 All. de Montfermeil, 93390 Clichy-sous-Bois",groupe-energie.org,01 43 51 51 61,True
Iades,"1 Rue de l'Ermitage, 91410 Dourdan",iades.fr,01 64 59 27 62,True
NA,NA,NA,NA,NA
CIC,"17 bis Pl. des Reflets, 92400 Courbevoie",cic.fr,01 42 66 77 00,False
Keraglass,"Rue Saint-Laurent, 77167 Bagneaux-sur-Loing",keraliteglassceramic.com,01 64 78 47 00,True
Cogedim,"87 Rue de Richelieu, 75002 Paris",cogedim.com,01 56 26 24 00,True
NA,NA,NA,NA,NA
Renault Viry-Chatillon - Come et Bardon - Groupe Losange Autos,"119-123 Av. du Général de Gaulle, 91170 Viry-Châtillon",losangeautos.fr,01 69 54 53 53,True
EHPAD La Rose des Vents,"235 Chem. de Fauveau, 78670 Villennes-sur-Seine",residence-rose-des-vents.com,01 30 65 20 20,True
Pubadresse Routage,"52 Rue Constantin Pecqueur, 95150 Taverny",pubadresseroutage.com,01 34 18 72 20,True
Keolis Val d’Yerres Val de Seine - COB de Draveil,"19 Rue Charles Mory, 91210 Draveil",iledefrance-mobilites.fr,01 87 58 11 00,True
Groupe QUARTUS - Siège social,"1-5 Rue Paul Cézanne, 75008 Paris",groupe-quartus.com,01 44 43 35 20,False
U.T.E.,"8 Rue du Stade Sauvanet, 77990 Le Mesnil-Amelot",ute-transport.com,01 41 52 21 21,True
Renault Melun - LS GROUP,"Rue de l'Arc-en-ciel, 77240 Cesson",renault-melun.fr,01 75 90 95 78,True
form'a,"1 Rue Jacques-Henri Lartigue, 92130 Issy-les-Moulineaux",forma.fr,01 41 23 70 00,True
"Sponsorisé
BIG DÉMÉNAGEMENT","51 Rue Ambroise Thomas, 95100 Argenteuil",bigdemenagement.fr,01 85 11 72 79,False
Dexxon Data Media,"79 Av. Louis Roche, 92230 Gennevilliers",plus.dexxon.eu,01 41 32 21 21,True
Egencia,"9/11 All. de l'Arche, 92400 Courbevoie",egencia.fr,NA,True
ARMAND THIERY SAS,"2 bis Rue de Villiers, 92300 Levallois-Perret",armandthiery.fr,01 45 19 33 33,True
Aptar Seaquist Closures France,"44 Av. de Meaux, 77470 Poincy",NA,01 60 41 12 00,True
KFC MEAUX,"2 Av. des Sablons Bouillants, 77100 Meaux",kfc.fr,01 60 23 93 69,False
Belfor Prévention France,"187 Av. du Général-Leclerc, 94700 Maisons-Alfort",NA,01 43 78 92 11,True
Brûlerie Caron,"6 Rue René Razel, 91400 Saclay",cafecaron.com,01 46 12 17 18,True
AUXIGENE,"7 Rue André Citroën, 92110 Clichy",auxigene.net,01 47 30 54 24,True
Laboratoire IDEXX,"84 Rue Charles Michels, 93200 Saint-Denis",idexx.fr,01 73 43 13 33,True
setec opency,"Immeuble Central Seine, 42-52 Quai de la Rapée, 75012 Paris",opency.setec.fr,01 82 51 50 00,True
Wolters Kluwer Legal Software France,"11 Av. Michel Ricard, 92270 Bois-Colombes",wolterskluwer.com,01 46 67 77 00,True
LGM Ingénierie Vélizy,"13 Av. Morane Saulnier Bâtiment ADER, 78140 Vélizy-Villacoublay",lgm-ing.fr,01 30 67 08 00,False
Unhycos,"325 Chem. du Parc, 95480 Pierrelaye",unhycos.com,01 34 11 40 40,True
NA,NA,NA,NA,NA
Éditions T.I. (Techniques de l'Ingénieur),"Immeuble Pleyad 1, 39 Bd Ornano, 93200 Saint-Denis",techniques-ingenieur.fr,01 53 35 20 20,True
Open,"28 Rue Jacques Ibert, 92300 Levallois-Perret",open.global,01 71 06 31 28,True
Coursiers.com,"28 Av. de la République, 93170 Bagnolet",coursier.com,01 70 39 29 29,False
NA,NA,NA,NA,NA
Proxitech,"Parc Gustave Eiffel, 3 Av. Gutenberg, 77600 Bussy-Saint-Georges",proxitech.com,01 71 58 26 10,True
OCSI Group,"4 Rue du Colonel Driant, 75001 Paris",ocsigroup.fr,01 44 82 67 40,True
FIDUCIAL Sécurité,"Tour Ellipse, 41 Av. Gambetta, 92400 Courbevoie",fiducial-securite.fr,01 47 78 13 36,False
MÉRIGUET-CARRÈRE PARIS,"73 Av. Daumesnil, 75012 Paris",meriguet-carrere.fr,01 58 90 15 75,True
RSA,"11 Av. de Friedland, 75008 Paris",crowe-rsa.fr,01 53 83 90 00,True
Orange Lease,"100 Espl. du Général de Gaulle, 92400 Courbevoie",NA,NA,True
Metalogic,"83 Av. Georges Clemenceau, 92000 Nanterre",metalogic.fr,01 47 30 75 50,True
VPSitex ( VPS Group),"8 Rue Bernard Buffet, 75017 Paris",vpsgroup.fr,0 892 70 76 07,True
Cartonnages Guillaume,"1 Rue du Plant Loger, 95330 Domont",NA,01 49 71 18 20,True
E.Leclerc ORLY,"8 Place Gaston Viens, 94310 Orly",e.leclerc,01 48 92 18 18,False
Pepsico France,"15 Bd Charles de Gaulle, 92700 Colombes",pepsico.fr,01 55 69 90 00,True
Euro-Ascenseurs,"5 Rue des Pyrénées, 91090 Lisses",euro-ascenseurs.fr,01 64 99 80 55,True
NA,NA,NA,NA,NA
Éditions Gallimard,"5 Rue Gaston Gallimard, 75007 Paris",gallimard.fr,01 49 54 42 00,True
"Sponsorisé
SUZY NET SERVICES","15 Av. Châteaubriand, 77680 Roissy-en-Brie",suzynetservices-lpa.fr,06 36 48 27 65,False
Interlogement93,"105 Bd Chanzy, 93100 Montreuil",interlogement93.net,01 41 58 61 45,True
Centre de Traitement des Retours - Hachette Livre,"137 Rte de Corbeil, 91160 Longjumeau",NA,NA,True
"Sponsorisé
BOUYGUES TELECOM","Cc Est St Quentin, 5 Rue Colbert, 78180 Montigny-le-Bretonneux",boutiques.bouyguestelecom.fr,09 86 01 03 90,False
Transports Hervé,"581 Av. de l'Europe, 77240 Vert-Saint-Denis",sth-transports.fr,01 74 82 80 60,True
Cgsh Service Europe,"17 Rue Beaujon, 75008 Paris",NA,09 66 03 08 02,True
Sartorius,"36 Av. Hoche, 75008 Paris",NA,01 56 88 21 55,False
Sépadef,"Rue Louis Blanc, 92400 Courbevoie",NA,01 47 74 78 94,False
Computer Engineering,"12 Rue du Faubourg Saint-Honoré, 75008 Paris",computer-engineering.fr,01 42 68 83 83,True
Radio Canada,"131 Av. de Wagram, 75017 Paris",radio-canada.ca,NA,False
SeeQualis,"52 Av. des Champs Pierreux, 92000 Nanterre",seequalis.com,NA,True
La Française d'Images,"117 Rue d'Aguesseau, 92100 Boulogne-Billancourt",NA,NA,True
NA,NA,NA,NA,NA
ABUS France SAS,"15 Voie de la Gravière, 94290 Villeneuve-le-Roi",abus.com,01 49 61 67 67,True
Pilkington Agr France,"12 Bd des Martyrs de Châteaubriant, 95100 Argenteuil",NA,01 30 25 78 30,False
Intermarché Neuilly Plaisance,"24 Rue Paul Vaillant Couturier, 93360 Neuilly-Plaisance",intermarche.com,01 43 00 11 44,True
ATEME,"Green Plaza - JADE, 6 Rue Dewoitine, 78140 Vélizy-Villacoublay",ateme.com,01 69 35 89 89,True
Siège Social Groupama Paris Val de Loire - Antony,"1 bis Av. du Dr Ténine, 92160 Antony",NA,02 38 49 77 77,True
Herport Sa,"17 Av. de la Demi-Lune, 95700 Roissy-en-France",herport.net,01 34 38 58 20,True
Krs,"9 Rue des Quatre Chemins, 93300 Aubervilliers",NA,NA,True
Safran Data Systems,"5 Av. des Andes, 91940 Les Ulis",safran-group.com,01 69 82 78 00,True
Siège Optical Center,"74 Rue Laugier, 75017 Paris",optical-center.fr,01 44 40 40 04,True
ID2,"68 Rue Marjolin, 92300 Levallois-Perret",id-2.fr,01 41 05 17 00,True
STILOG I.S.T.,"55 Av. des Champs Pierreux, 92000 Nanterre",visual-planning.com,01 47 29 99 69,True
Swiss Life Banque Privée,"7 Pl. Vendôme, 75001 Paris",banqueprivee.swisslife.fr,01 53 29 14 14,True
Expansiel Promotion,"9 Rte de Choisy, 94000 Créteil",expansiel-promotion.fr,0 800 71 08 10,True
Maje - Siège social,"2 Rue de Marengo, 75001 Paris",fr.maje.com,01 42 96 77 00,True
RENAULT FONTAINEBLEAU - GROUPE MAURIN,"56 Av. de Valvins, 77210 Avon",concessionnaire.renault.fr,01 64 69 56 56,True
Westfield Forum des Halles,"101 Porte Berger, 75001 Paris",westfield.com,01 44 76 87 08,False
Acna,"10 Rue des Iris, 77990 Le Mesnil-Amelot",servair.fr,01 48 45 67 89,True
Centre de formation interne Nespresso,"27 Rue du Colonel Pierre Avia, 75015 Paris",NA,01 72 06 22 22,True
Yvelines Restauration,"12 Rue Clément Ader, 78120 Rambouillet",dupont-restauration.fr,01 34 85 50 51,True
IDF THERMIC,"3 Rue de Verdun EUROCAMPUS, BATIMENT E, 78590 Noisy-le-Roi",idf-thermic.com,01 30 80 08 70,False
Brioche Pasquier Chatelet,"BP21, D605, 77820 Le Châtelet-en-Brie",pasquier.fr,01 64 14 10 00,False
Daiichi Sankyo France SAS,"1 Rue Eugène et Armand Peugeot, 92500 Rueil-Malmaison",daiichi-sankyo.fr,01 55 62 14 60,True
Losay Voyages,"Rue Domaine Des Joncs, 77950",NA,01 64 38 80 40,True
Transports Marc Schubel,"RD 97 - Route de Limours Lieu-dit, 91640 Fontenay-lès-Briis",transports-schubel.com,01 64 90 77 72,True
Paris Store,"15-21 Rue du Puits Dixme, 94657 Thiais",paris-store.com,01 45 12 88 88,True
ArcelorMittal France,"Immeuble ""Le Cézanne, 6 Rue André Campra, 93210 Saint-Denis",france.arcelormittal.com,01 71 92 00 00,True
Mainfreight Mitry Mory Forwarding,"Z.I. Mitry Compans, Rue Charles de Coulomb, 77290 Mitry-Mory",mainfreight.fr,01 60 21 73 73,True
"Sponsorisé
Avis Location Voiture - Paris","8 Bd Davout, 75020 Paris",avis.fr,01 40 24 10 20,False
MGI Consultants,"11 Rue de Téhéran, 75008 Paris",mgi.fr,01 53 53 41 00,True
Residence Le Château,"5 Rue de Provins, 77148 Salins",residencelechateau.com,01 64 70 54 00,True
QUALIGAZ EVONIA,"135 Av. Jean Jaurès, 93300 Aubervilliers",qualigaz-evonia.com,0 826 62 86 28,True
E.Leclerc FRANCONVILLE,"362 Rue du Général Leclerc, 95130 Franconville",e.leclerc,01 30 72 62 62,False
Siège social Biocoop,"12 Av. Raymond Poincaré, 75116 Paris",biocoop.fr,01 44 11 13 60,True
Caisse d’Epargne et de Prévoyance Ile-de-France,"19 Rue du Louvre, 75001 Paris",caisse-epargne.fr,01 58 06 60 00,True
Intermarché SUPER Champigny-Sur-Marne,"40 Rue de Verdun, 94500 Champigny-sur-Marne",intermarche.com,01 48 81 43 70,True
SOLO Group,"92 Rue Réaumur, 75002 Paris",sologroup-paris.com,01 42 21 16 84,True
EHPAD La Maison du Parc,"21 Rue des Frères Capucins, 95310 Saint-Ouen-l'Aumône",maisonduparc.fr,01 34 40 41 00,True
Aurion,"38 Rue Jean Savu, 94500 Champigny-sur-Marne",NA,01 48 81 59 52,True
Institut Necker Enfants Malades (INEM) - INSERM - Université Paris Cité,"Faculté de Médecine, 160 Rue de Vaugirard 156, 75015 Paris",institut-necker-enfants-malades.fr,01 72 60 63 90,False
SpinPart,"10/12 Rue du Général Foy, 75008 Paris",spinpart.fr,01 75 44 68 90,True
Clinique de la Région Mantaise,"23 Bd Victor Duhamel, 78200 Mantes-la-Jolie",vivalto-sante.com,01 30 98 16 00,True
Master Lock Europe,"10 Av. de l'Arche, 92400 Courbevoie",masterlock.eu,NA,True
Solumat Île de France groupe Vinci,"17 Rte de Cheptainville, 91630 Marolles-en-Hurepoix",NA,NA,True
