mapsName,mapsAddress,mapsSite,mapsPhone,firstMatch
Candy-Hoover,"53 Bd Ornano, 93200 Saint-Denis",candy.tm.fr,01 49 15 92 00,False
FACTOFRANCE,"17 bis Passerelle des Reflets, 92988 Courbevoie",factofrance.com,01 46 35 70 00,True
SOCOTEC Équipements,"5 place des Frères Montgolfier Guyancourt, CS 20732, 78182 SAINT-QUENTIN-EN-YVELINES CEDEX",linkedin.com,01 55 47 27 46,False
SSI Service Siège (Système de Sécurité Incendie Service),"Immeuble Le Thalès, Parc des Algorithmes, Route de l'Orme des Merisiers, 91190 Saint-Aubin",ssiservice.fr,01 64 86 63 63,False
NA,NA,NA,NA,NA
Sogécap,"17 bis Pl. des Reflets, 92400 Courbevoie",assurances.societegenerale.com,09 69 36 23 62,True
NA,NA,NA,NA,NA
Autorité de Sûreté Nucléaire (ASN),"15 Rue Louis Lejeune, 92120 Montrouge",asn.fr,01 46 16 40 00,True
NA,NA,NA,NA,NA
Direction de l'information légale et administrative (DILA),"26 Rue Desaix, 75015 Paris",dila.premier-ministre.gouv.fr,01 40 58 75 00,True
Gcs Blanchisserie Interhospitalière,"16 Rue de Bauve, 77100 Meaux",NA,01 64 35 20 15,True
Centre de Recherche et de Restauration des Musées de France,"14 Quai François Mitterrand, 75001 Paris",c2rmf.fr,01 40 20 56 52,True
Monnaie de Paris,"11 Quai de Conti, 75006 Paris",monnaiedeparis.fr,01 40 46 56 66,True
Musée National de la Renaissance,"Rue Jean Bullant, 95440 Écouen",musee-renaissance.fr,01 34 38 38 50,True
Musée de Cluny - Musée national du Moyen Âge,"28 Rue du Sommerard, 75005 Paris",musee-moyenage.fr,01 53 73 78 00,True
Caisse des Dépôts et Consignations - Siège social,"56 Rue de Lille, 75007 Paris",caissedesdepots.fr,01 58 50 00 00,True
Hôtel de Sully,"48 Rue Saint-Antoine, 75004 Paris",hotel-de-sully.fr,01 44 61 20 00,True
Musée de l'Armée,"129 Rue de Grenelle, 75007 Paris",musee-armee.fr,01 44 42 38 77,True
Musée de l'Air et de l'Espace,"Aéroport de Paris-Le Bourget, 93352 Le Bourget",museeairespace.fr,01 49 92 70 00,True
Oppic,"30 Rue du Château des Rentiers, 75647 Paris",oppic.fr,01 44 97 78 00,True
Musée du quai Branly - Jacques Chirac,"37 Quai Jacques Chirac, 75007 Paris",quaibranly.fr,01 56 61 70 00,True
ECPAD (Etablissement de Communication et de Production Audiovisuelle de la Défense),"2/8 Rte du Fort, 94205 Ivry-sur-Seine",ecpad.fr,01 49 60 52 00,True
Centre Regional Oeuvres Univ Scolaires,"26 Rue du Faubourg Saint-Jacques, 75014 Paris",NA,01 44 27 02 52,False
Gip Habitat et Interventions Sociales,"3 Rue Franklin, 93100 Montreuil",giphabitat.org,01 41 58 76 76,True
Samusocial de Paris,"35 Av. Courteline, 75012 Paris",samusocial.paris,01 41 74 84 84,True
BULAC - Bibliothèque universitaire des langues et civilisations,"65 Rue des Grands Moulins, 75013 Paris",bulac.fr,01 81 69 18 00,True
Crous de l'académie de Versailles,"145bis Bd de la Reine, 78000 Versailles",crous-versailles.fr,09 72 59 65 00,False
Centre Regional Oeuvres Univ Scolaires,"156 Rue de Vaugirard, 75015 Paris",NA,01 40 61 55 76,False
Ophlm Arc de Seine Habitat,"71 Bd Gallieni, 92130 Issy-les-Moulineaux",seine-ouest-habitat.com,01 46 44 41 90,True
L'Onde,"8 bis Av. Louis Breguet, 78140 Vélizy-Villacoublay",londe.fr,01 78 74 38 60,True
Groupe Hospitalier Intercommunal Le Raincy Montfermeil.,"10 Rue du Général Leclerc, 93370 Montfermeil",ch-montfermeil.fr,01 41 70 80 00,True
EHPAD LES LILAS,"70 Rue des Carrières, 94400 Vitry-sur-Seine",lesmaisonsderetraite.fr,01 49 60 87 22,True
Siresco - Syndicat Intercommunal pour la restauration collective,"68 Rue Gallieni, 93000 Bobigny",siresco.fr,01 41 83 22 30,False
Centre Hospitalier Sud Essonne - site d’Etampes,"26 Av. Charles de Gaulle, 91150 Étampes",ch-sudessonne.fr,01 60 80 76 76,True
Hôpitaux de Saint-Maurice,"12/14 Rue du Val d'Osne, 94410 Saint-Maurice",hopitaux-saint-maurice.fr,01 43 96 61 61,False
Centre Hospitalier Rives De Seine,"36 Bd du Général Leclerc, 92200 Neuilly-sur-Seine",chrds.fr,01 40 88 60 00,True
Co Cli Co Colombes Clichy Collectivite Restauration,"26 Rue de Bellevue, 92700 Colombes",NA,NA,True
Ctre Hospitalier de la Mauldre,"23 Rue Saint-Louis, 78760 Jouars-Pontchartrain",chmauldre.fr,01 34 91 78 78,False
Paris Musées,"27 R. des Petites Écuries, 75010 Paris",parismusees.paris.fr,01 80 05 40 00,True
Les Oiseaux,"17 Rue du Lieutenant Rousselot, 78500 Sartrouville",NA,01 30 86 20 00,True
Syndicat Intercommunal Aménagement Hydraulique Vallées,"Rue de l Eau et des Enfants, 95500 Bonneuil-en-France",siah-croult.org,01 30 11 15 15,True
Centre hospitalier du Sud Seine-et-Marne - site de Fontainebleau,"55 Bd du Maréchal Joffre, 77300 Fontainebleau",ch-sud-seine-et-marne.fr,01 64 45 19 00,False
Grand Hôpital de l'Est Francilien - Site de Meaux,"6-8 Rue Saint-Fiacre, 77100 Meaux",ghef.fr,01 64 77 64 77,False
Centre Intercommunal d'Action Sociale de Rambouillet Territoires,"ZA Bel Air, 14 Rue Gustave Eiffel, 78120 Rambouillet",rt78.fr,01 34 57 58 85,True
Centre Hospitalier de Plaisir - Site Mansart,"220 Rue François Mansart, 78370 Plaisir",ch-plaisir.fr,01 30 79 57 57,False
Siredom - siège administratif,"63 Rue du Bois Chaland, 91090 Lisses",siredom.com,01 69 74 23 50,True
GHU Paris psychiatrie & neurosciences,"1 Rue Cabanis, 75014 Paris",ghu-paris.fr,01 45 65 80 00,True
EHPAD Pays de France Carnelle - Site de la Rue aux Fées,"3 Rue Kleinpeter, 95270 Viarmes",ehpad-pdfc.fr,01 30 35 35 03,True
"Sponsorisé
Paprec Group","7 Rue du Dr Lancereaux, 75008 Paris",paprec.com,01 42 99 43 10,False
Service public de l’assainissement francilien _ Siège du SIAAP,"2 Rue Jules César, 75012 Paris",siaap.fr,01 44 75 44 75,True
SIETOM de la Région de Tournan-en-Brie (siège),"Adresse Siège : Adresses déchetteries : consulter le site internet www.sietom77.com, 45 Rte de Fontenay, 77220 Tournan-en-Brie",sietom77.com,01 64 07 99 75,True
Île de loisirs de Saint-Quentin-en-Yvelines,"Rond Point Eric Tabarly, D912, 78190 Trappes",iledeloisirs.fr,01 30 16 44 40,False
NA,NA,NA,NA,NA
SyAGE,"17 Rue Gustave Eiffel, 91230 Montgeron",syage.org,01 69 83 72 00,True
Siresco - Syndicat Intercommunal pour la restauration collective,"68 Rue Gallieni, 93000 Bobigny",siresco.fr,01 41 83 22 30,True
NA,NA,NA,NA,NA
Syndicat AZUR : Syndicat Mixte pour la valorisation des déchets,"2 Rue du Chemin Vert, 95100 Argenteuil",syndicat-azur.fr,01 34 11 70 31,True
Ile de Loisirs de Cergy-Pontoise,"1 Rue des Étangs, 95000 Neuville-sur-Oise",cergy-pontoise.iledeloisirs.fr,01 30 30 21 55,False
Crédit Municipal de Paris,"55 Rue des Francs Bourgeois, 75004 Paris",creditmunicipal.fr,0 806 70 98 09,True
Centre d'action sociale de la ville de Paris (CASVP),"5 Bd Diderot, 75012 Paris",paris.fr,01 44 67 16 07,True
Caisse des Ecoles,"21 Pl. du Panthéon, 75005 Paris",paris.fr,01 43 54 35 44,True
Caisse des Écoles du 7e Arrondissement,"116 Rue de Grenelle, 75007 Paris",cde7.fr,01 45 51 35 99,True
Caisse des Ecoles du 8ème,"3 Rue de Lisbonne, 75008 Paris",cde08.com,01 44 90 75 00,True
Mairie du 9e arrondissement de Paris,"6 Rue Drouot, 75009 Paris",mairie09.paris.fr,01 71 37 75 09,True
Caisse des Écoles du 10ème Arrondissement,"72 Rue du Faubourg Saint-Martin, 75010 Paris",cde10.fr,01 42 08 32 85,False
Caisse des Ecoles du 11e,"12 Pl. Léon Blum, 75011 Paris",cdeparis11.org,01 43 79 02 76,True
NA,NA,NA,NA,NA
Mairie du 13ème arrondissement de Paris,"1 Pl. d'Italie, 75013 Paris",mairie13.paris.fr,01 44 08 13 13,False
Caisse des Ecoles du 14eme,"2 Pl. Ferdinand Brunot, 75014 Paris",linktr.ee,01 45 40 40 01,True
Caisse des Ecoles,"154 Rue Lecourbe, 75015 Paris",cde15.fr,01 53 68 96 68,False
Mairie du 16e arrondissement,"71 Av. Henri Martin, 75016 Paris",mairie16.paris.fr,01 40 72 16 16,False
Caisse des Ecoles du 17e,"20 Rue des Batignolles, 75840 Paris",cde17.fr,01 43 87 31 09,False
Caisse des Ecoles du 19ème,"5 Pl. Armand Carrel, 75019 Paris",mairie19.paris.fr,01 42 08 96 60,True
La 20 ème,"57 Bd Mortier, 75020 Paris",NA,NA,False
Centre Hospitalier de Melun,"270 Av. Marc Jacquet, 77000 Melun",ghsif.fr,01 81 74 17 17,False
Centre Hospitalier Léon Binet (GHT PROVINS - EST SEINE ET MARNE),"Rte de Chalautre, 77160 Provins",ch-provins.fr,01 64 60 40 00,True
EHPAD Arthur Vernes,"20 Rue des Fossés, 77250 Moret-sur-Loing",NA,01 60 70 51 52,True
Ehpad Les Jardins de Chagot,"36 Rue de l'Hôtel de ville, 77890 Beaumont-du-Gâtinais",ehpad-chagot.fr,01 64 29 90 57,True
EHPAD LE MARAIS,"25 Bis Rue Ernest Delbet, 77320 La Ferté-Gaucher",NA,01 64 20 15 04,True
Maison de Retraite EHPAD PIERRE COMBY,"1 Rue de l'Hospice, 77540 Rozay-en-Brie",NA,01 64 25 60 24,True
EHPAD - Le Fil d'Argent,"217 Rue du Dr Schweitzer, 77480 Bray-sur-Seine",le-fil-d-argent.fr,01 60 58 58 60,True
Maison de Retraite Saint Séverin,"34 Rue de la ville Forte, 77570 Château-Landon",NA,01 64 29 30 31,True
Maison de Retraite du Canton de Moret,"Rte de Challeau, 77130 Dormelles",NA,01 60 96 65 07,True
Ehpad Les Tamaris,"13 Av. de Fussy, 77840 Crouy-sur-Ourcq",NA,01 64 35 61 43,True
Ehpad Au Coin Du Feu,"9 ter Rue du Général de Gaulle, 77230 Dammartin-en-Goële",ehpaddammartin.fr,01 60 03 03 13,True
Maison de Retraite Le Clos Fleuri,"12 Rue du Parc, 77520 Donnemarie-Dontilly",NA,01 60 67 34 64,True
Ehpad la Chocolatiere,"Gd All. des Impressionnistes, 77186 Noisiel",NA,01 60 06 98 98,True
Résidence Les Charmettes,"5 Av. Jean Moulin, 77200 Torcy",lesopalines.fr,01 60 37 20 00,False
EHPAD Saint Aile,"Rue Sainte-Aile, 77510 Rebais",NA,01 64 04 50 40,True
Ehpad Mathurin Fouquet,"1 Rue du Petit Pont, 77920 Samois-sur-Seine",ehpad-fouquet.fr,01 60 39 63 96,True
Centre Communal d'Action Sociale,"3 Rue André Thomas, 77130 Montereau-Fault-Yonne",NA,01 60 57 21 02,False
Mairie de Fontainebleau,"40 Rue Grande, 77300 Fontainebleau",fontainebleau.fr,01 60 74 64 64,False
EHPAD Les Patios,"6 Bd Voltaire, 77370 Nangis",NA,01 64 08 02 39,True
Maison d'enfants de Luzancy,"16 Rue du Général Leclerc, 77138 Luzancy",NA,01 60 23 61 55,True
Centre Hospitalier de Rambouillet,"5 Rue Pierre et Marie Curie, 78120 Rambouillet",ch-rambouillet.fr,01 34 83 78 78,True
EHPAD Richard,"2 Bd Richard Garnier, 78700 Conflans-Sainte-Honorine",ehpadrichard.fr,01 34 90 44 44,True
EHPAD Les Aulnettes,"31 Rue Joseph Bertrand, 78220 Viroflay",ch-versailles.fr,01 30 24 67 88,True
Mairie de Louveciennes,"30 Rue du Général Leclerc, 78430 Louveciennes",mairie-louveciennes.fr,01 30 82 13 13,True
Centre Communal d'Action Sociale (CCAS),"Pl. du Général Charles de Gaulle, 78160 Marly-le-Roi",NA,01 30 61 60 81,True
Centre Communal d'Action Sociale,"6 Imp. des Gendarmes Bâtiment C, 78000 Versailles",versailles.fr,01 30 97 83 00,True
Mairie de Marly-le-Roi,"Pl. du Général Charles de Gaulle, 78160 Marly-le-Roi",marlyleroi.fr,01 30 61 60 00,False
Hôpital de Houdan,"42 Rue de Paris, 78550 Houdan",hopitalhoudan.fr,01 30 46 18 00,True
Centre Hospitalier François Quesnay,"2 Bd Sully, 78200 Mantes-la-Jolie",ch-mantes.fr,01 34 97 40 00,True
Hôpital du Vésinet,"72 Av. de la Princesse, 78110 Le Vésinet",hopital-levesinet.fr,01 30 15 80 00,True
Centre Hospitalier Théophile Roussel,"1 Rue Philippe Mithouard, 78363 Montesson",th-roussel.fr,01 30 86 38 38,True
Maison de Retraite Ablis,"31 Rue Pierre Trouvé, 78660 Ablis",guide-maison-retraite.com,01 30 59 10 98,True
Hôpital de Pédiatrie et de Rééducation,"Lieu-dit Hpr Longchêne, 78830 Bullion",hpr-bullion.fr,01 34 85 43 00,True
Hôpital Gérontologique Philippe Dugué,"1 Rue Jean Mermoz, 78460 Chevreuse",hgchevreuse.fr,01 30 07 34 00,True
Centre Hospitalier de Versailles - Hôpital André Mignot,"177 Rue de Versailles, 78150 Le Chesnay-Rocquencourt",ch-versailles.fr,01 39 63 91 33,True
Centre Hospitalier Intercommunal Meulan les Mureaux Site Henri IV,"1 Rue du Fort, 78250 Meulan-en-Yvelines",chimm.fr,01 30 91 85 00,False
Centre hospitalier intercommunal de Poissy – Saint-Germain-en-Laye,"20 Rue Armagis, 78100 Saint-Germain-en-Laye",ghtyvelinesnord.fr,01 39 27 40 50,True
Blanchisserie Interhospitalière St Germain En Laye,"17 Bd Franz Liszt, 78100 Saint-Germain-en-Laye",NA,NA,True
Centre Hospitalier d'Arpajon,"18 Av. de Verdun, 91290 Arpajon",ch-arpajon.fr,01 64 92 92 92,True
Maison de Retraite Hautefeuille,"Rue des Noblets, 91770 Saint-Vrain",residence-hautefeuille.fr,01 69 14 14 14,True
Centre Hospitalier Sud Francilien,"40 Avenue Serge Dassault, 91100 Corbeil-Essonnes",NA,01 61 69 61 69,True
Maison de la Justice et du Droit,"1 Rue du Coq, 91150 Étampes",caese.fr,01 69 92 11 70,False
CCAS,"1 Av. du Général de Gaulle, 91300 Massy",ccas.fr,01 60 13 30 00,True
Mairie de Savigny-sur-Orge,"48 Av. Charles de Gaulle, 91600 Savigny-sur-Orge",savigny.org,01 69 54 40 00,False
Mairie d'Athis-Mons - Centre administratif,"1 Pl. du Général de Gaulle, 91200 Athis-Mons",mairie-athis-mons.fr,01 69 54 54 54,False
La Centrale de Financement Viry Châtillon - Courtier en prêt immobilier,"71 Av. du Général de Gaulle, 91170 Viry-Châtillon",lacentraledefinancement.fr,01 69 12 20 20,False
Maison de Retraite Degommier,"12 Rue Degommier, 91590 Cerny",residencedegommier.fr,01 64 57 78 88,True
Maison de Retraite Léon Maugé,"67 Rue d'Estienne d'Orves, 91370 Verrières-le-Buisson",NA,0 893 02 51 55,True
Groupe hospitalier Nord-Essonne - site d'Orsay,"4 Pl. du Général Leclerc, 91400 Orsay",gh-nord-essonne.fr,01 69 29 75 75,True
Maison De Retraite Le Manoir,"7 Rue Aristide Briand, 91230 Montgeron",manoir-montgeron.com,01 69 83 07 40,True
Maison de Retraite la Pie Voleuse,"1 Av. de la République, 91120 Palaiseau",ehpad-palaiseau.fr,01 69 31 28 14,True
EHPAD Intercommunal Le Domaine de Charaintru,"3 Av. de l'Armée Leclerc, 91600 Savigny-sur-Orge",NA,01 69 05 44 16,True
Résidence Amodru - Maison de Retraite,"15 Rue du Dr Amodru, 91590 La Ferté-Alais",residence-amodru.fr,01 64 57 60 67,True
Maison de Retraite File-Etoupe,"Rue Nivet, 91310 Montlhéry",NA,01 69 80 41 41,True
EHPAD La Foret de Sequigny,"18 Rue de la Mare au Chanvre, 91700 Sainte-Geneviève-des-Bois",webself.net,01 69 04 58 00,True
Maison de Retraite de Neuilly,"20 Rue des Graviers, 92200 Neuilly-sur-Seine",ehpadneuilly.com,01 47 45 38 44,False
Maison de Retraite Les Marronniers,"36 Rue Paul Vaillant Couturier, 92300 Levallois-Perret",ehpad-levallois.fr,01 47 58 57 65,True
Maison de Retraite du Parc,"1 Rue Scarron, 92260 Fontenay-aux-Roses",ehpad-leparc-lasserre.fr,01 41 13 09 70,False
Ehpad Marguerite Renaudin,"13 Pl. du Général de Gaulle, 92330 Sceaux",humanis.com,01 41 13 35 00,True
Mairie - CCAS aînés foyers logements-restauration,"Pl. de l'Hôtel de ville, 92160 Antony",NA,01 40 96 73 98,False
C.c.a.s,"14 Rue des Parisiens, 92600 Asnières-sur-Seine",asnieres-sur-seine.fr,01 41 11 12 62,True
Mairie de Bagneux,"57 Av. Henri Ravera, 92220 Bagneux",bagneux92.fr,01 42 31 60 00,False
Espace d'accueil Clamart & Vous,"place Maurice Gunsbourg, 92140 Clamart",clamart.fr,01 46 62 35 35,True
Centre Communal d'Action Sociale (CCAS),"5 Rue de la Liberté, 92700 Colombes",NA,01 47 60 43 90,False
Mairie de Gennevilliers,"177 Av. Gabriel-Péri, 92230 Gennevilliers",ville-gennevilliers.fr,01 40 85 66 66,False
Mairie d'Issy-les-Moulineaux,"62 Rue du Général Leclerc, 92130 Issy-les-Moulineaux",issy.com,01 41 23 80 00,False
Mairie - service de l'aide sociale(C.C.A.S),"6 Av. le Corbeiller, 92190 Meudon",NA,01 41 14 80 81,True
CCAS - Service d'aide sociale et municipale des festivités,"88 Rue du 8 Mai 1945, 92000 Nanterre",nanterre.fr,01 47 29 50 50,True
Ctre Com Action Sociale de Puteaux,"131 Rue de la République, 92800 Puteaux",NA,01 46 92 92 92,False
Mairie,"2 Rue Claude Liard, 92380 Garches",ville-garches.fr,01 47 95 66 66,True
Mairie de Saint-Cloud,"13 Pl. Charles de Gaulle, 92210 Saint-Cloud",saintcloud.fr,01 47 71 53 00,False
Mairie de Suresnes,"2 Rue Carnot, 92150 Suresnes",suresnes.fr,01 41 18 19 20,False
Maison de Retraite Communale Aulagnier,"30 Rue Auguste Bailly, 92600 Asnières-sur-Seine",NA,01 40 86 42 42,True
EHPAD Résidence Sainte Emilie,"81 Av. Adolphe Schneider, 92140 Clamart",etablissements.fhf.fr,01 41 90 25 25,False
Résidence La Méridienne,"36 Quai d'Asnières, 92390 Villeneuve-la-Garenne",residencelameridienne92.com,01 47 98 18 88,True
Institut Départemental Gustave Baguer,"35 Rue de Nanterre, 92600 Asnières-sur-Seine",baguer.fr,01 46 88 02 10,True
Centre Hospitalier Stell,"1 Rue Charles Drot, 92500 Rueil-Malmaison",chd-stell.fr,01 41 29 90 00,False
Fondation Roguet,"58 Rue Georges Boisseau, 92110 Clichy",fondation-roguet.fr,01 41 40 46 00,False
Hôpital Cash Nanterre,"403 Av. de la République, 92000 Nanterre",NA,02 46 79 13 66,True
Résidence La Chesnaye,"25 Rte des Fusillés de la Résistance, 92150 Suresnes",NA,01 78 14 10 00,True
EHPAD Résidence Madeleine Verdier,"5 All. de la Vallière, 92120 Montrouge",residence-madeleine-verdier.fr,01 58 07 91 00,True
EHPAD Résidence Larmeroux,"2 Ter Rue Aristide Briand, 92170 Vanves",gcsmspasapah92.fr,01 41 08 10 75,True
EHPAD Lasserre,"4 Rue Séverine, 92130 Issy-les-Moulineaux",ehpad-leparc-lasserre.fr,01 55 95 61 50,True
Centre Hospitalier des Quatre Villes,"Rue Charles Lauer, 92210 Saint-Cloud",ch4v.fr,01 77 70 70 70,True
CCAS centre d’action sociale,"19/21 Rue Jacques Duclos, 93600 Aulnay-sous-Bois",NA,NA,True
Mairie de Bobigny,"31 Av. du Président Salvador Allende, 93000 Bobigny",bobigny.fr,01 41 60 93 93,False
Centre Communal d'Action Sociale de Drancy,"Pl. de l'Hôtel de Ville, 93700 Drancy",NA,01 71 29 53 40,True
Centre Communal Action Sociale,"102 bis, Rue de la République, 92800 Puteaux",NA,01 46 92 95 95,False
Centre Communal d'action Sociale,"1 Pl. François Mitterrand, 93330 Neuilly-sur-Marne",NA,01 43 08 96 96,True
Centre communal d'action sociale (CCAS),"11 Rue de Brément, 93130 Noisy-le-Sec",noisylesec.fr,01 41 83 81 10,False
C.c.a.s. De Pantin,"84 - 88 Av. du Général Leclerc, 93500 Pantin",NA,NA,True
Centre d'action Social,"36 Rue Gueroux, 93380 Pierrefitte-sur-Seine",mairie-pierrefitte93.fr,01 72 09 32 90,True
Centre d'action Social,"36 Rue Gueroux, 93380 Pierrefitte-sur-Seine",mairie-pierrefitte93.fr,01 72 09 32 90,False
Centre Communal d'action Sociale,"6 Pl. de la République, 93400 Saint-Ouen-sur-Seine",NA,01 49 45 68 69,True
CCAS de Sevran,"2 Rue Paul Langevin, 93270 Sevran",ville-sevran.fr,01 49 36 51 95,True
Mairie d'Épinay-sur-Seine,"1-3 Rue Quetigny, 93800 Épinay-sur-Seine",epinay-sur-seine.fr,01 49 71 99 99,False
CCAS Montreuil,"8 Rue de Rosny, 93100 Montreuil",ccas.fr,NA,False
NA,NA,NA,NA,NA
Caisse des Ecoles du 19ème,"57 Rue de Romainville, 75019 Paris",mairie19.paris.fr,01 42 08 96 60,False
EHPAD Emile Gérard,"30 All. de Joinville, 93190 Livry-Gargan",ehpadegerard.com,01 41 70 11 11,True
EHPAD LA SEIGNEURIE,"7 Rue Kléber, 93500 Pantin",la-seigneurie.fr,01 41 83 17 90,True
Centre Hospitalier de Saint-Denis,"2 Rue du Dr Delafontaine, 93200 Saint-Denis",ch-stdenis.fr,01 42 35 61 40,True
EHPAD Public Lumières D'Automne,"15 bis Rue Edgar Quinet, 93400 Saint-Ouen-sur-Seine",lumieres-automne.org,01 49 18 92 00,True
ESAT MARSOULAN,"64/66 Rue Robespierre, 93100 Montreuil",esathm.fr,01 41 72 09 20,True
Ctre Hospitalier Intercomm R Ballanger,"13 Rue Charles Conrad, 93270 Sevran",NA,01 43 85 85 31,False
Maison de Retraite Gaston Monmousseau,"9 Rue Gaston Monmousseau, 93150 Le Blanc-Mesnil",NA,01 48 67 23 56,True
EHPAD public Constance Mazier,"4 Rue Hemet, 93300 Aubervilliers",ehpad-constancemazier.fr,01 53 56 35 35,True
Hôpital André Grégoire,"56 Bd de la Boissière, 93100 Montreuil",chi-andre-gregoire.fr,01 49 20 30 40,True
Institut Medico Educatif,"11 Rue Pierre Brossolette, 93200 Saint-Denis",NA,01 49 71 17 60,False
CIAS,"73 Rue Louise Michel, 93170 Bagnolet",NA,09 67 21 17 75,True
C.D.E.F. (Centre Départemental Enfants et Familles),"1-3 Prom. Jean Rostand Hall A, 93000 Bobigny",cdef-93.com,01 41 50 58 70,False
Centre communal d'action sociale pôle social et pôle insertion,"193 Rue de Paris, 93260 Les Lilas",ville-leslilas.fr,01 41 58 10 91,False
Centre administratif municipal,"7 Av. Adrien Raynal, 94310 Orly",mairie-orly.fr,01 48 90 20 00,False
Centre Communal d'Action Sociale (CCAS) de Villejuif,"2 Espl. Pierre-Yves Cosnier, 94800 Villejuif",villejuif.fr,01 45 59 20 20,True
Mairie Hôtel de ville Fontenay,"28 Rue Guérin Leroux, 4 esplanade Louis Bayeurte, 94120 Fontenay-sous-Bois",fontenay.fr,01 49 74 74 74,True
Centre administratif municipal,"7 Av. Adrien Raynal, 94310 Orly",mairie-orly.fr,01 48 90 20 00,False
CAPF,"161 Rue de Fontenay, 94300 Vincennes",capf-formations.com,01 58 64 04 82,False
Maison de Retraite Gourlet Bontemps,"117 Av. du 8 Mai 1945, 94170 Le Perreux-sur-Marne",fondationgourletbontemps.fr,01 43 24 25 02,True
Maison de Retraite Intercommunale Hector Malot,"74 Av. de Stalingrad, 94120 Fontenay-sous-Bois",gcsms-ehpadpublics94.fr,01 41 95 41 00,False
Groupe Hospitalier Paul Guiraud,"54 Av. de la République, 94800 Villejuif",gh-paulguiraud.fr,01 42 11 70 00,True
Centre Communal d'action Sociale,"14 Rue Louis Talamoni, 94500 Champigny-sur-Marne",NA,01 45 16 40 00,True
Résidence de la Cité Verte,"4 Rue de la Cité Verte, 94370 Sucy-en-Brie",abcd94.fr,01 56 73 20 40,True
CHS Fondation Vallée,"7 Rue Benserade, 94250 Gentilly",ch-fondationvallee.fr,01 41 24 81 00,True
Centre Hospitalier Intercommunal Créteil,"40 Av. de Verdun, 94000 Créteil",chicreteil.fr,01 57 02 20 00,True
Résidence de l'Abbaye,"10A Quai Beaubourg, 94100 Saint-Maur-des-Fossés",abcd94.fr,01 55 12 17 20,True
"Centre Hospitalier Intercommunal Villeneuve Saint Georges, Service des Urgences","40 All. de la Source, 94190 Villeneuve-Saint-Georges",chiv.fr,01 43 86 22 00,False
C.c.a.s (lodgement),"1 Pl. Salvador Allende, 94000 Créteil",NA,NA,True
Centre Hospitalier Les Murets,"17 Rue du Général Leclerc, 94510 La Queue-en-Brie",ch-les-murets.com,01 45 93 71 71,True
MAPA Joseph Franceschi - Le Grand Âge,"67 Rue Louis Blanc, 94140 Alfortville",alfortville.fr,01 45 18 87 00,True
Fondation Favier Val de Marne,"1 Rue du 136EME de Ligne, 94360 Bry-sur-Marne",fondation-favier.fr,01 49 83 47 00,True
Résidence Pierre Tabanou,"32 Ave du Gal de Gaulle, 94240 L'Haÿ-les-Roses",etablissements.fhf.fr,01 46 63 14 91,True
Centre Hospitalier de Gonesse,"2 Bd du 19 Mars 1962, 95500 Gonesse",hopital-de-gonesse.fr,01 34 53 21 21,False
EHPAD de Louvres,"3 Rue Demaison, 95380 Louvres",proximite.mgen.fr,01 34 47 19 00,True
EPS Roger Prévot,"52 Rue de Paris, 95570 Moisselles",eps-rogerprevot.fr,01 39 35 63 00,True
Hôpital Le Parc,"21 Rue de la Tuyolle, 95150 Taverny",NA,NA,True
Hôpital NOVO (Nord-Ouest Val-d'Oise) - site de Pontoise,"6 Av. de l'Île de France, 95300 Pontoise",ght-novo.fr,01 30 75 40 40,False
Centre Communal d'Action Sociale d'Argenteuil,"12-14 Bd Léon Feix, 95100 Argenteuil",NA,01 34 23 41 00,True
Groupe Scolaire Gabriel Péri,"6 Rue Camélinat, 95870 Bezons",NA,01 30 76 46 98,False
Mairie de Sarcelles Village,"3 Rue de la Résistance, 95200 Sarcelles",sarcelles.fr,01 34 38 21 40,False
Centre Communal D'action Sociale,"Av. Damiette, 95110 Sannois",NA,NA,False
Centre Hospitalier d'Argenteuil,"69 Rue du Lieutenant Colonel Prudhon, 95107 Argenteuil",ch-argenteuil.com,01 34 23 24 25,True
Mairie de Sarcelles Village,"3 Rue de la Résistance, 95200 Sarcelles",sarcelles.fr,01 34 38 21 40,False
Belle Alliance - ESRP & SAMSAH,"8 Rue Albert Molinier, 95410 Groslay",bellealliance.fr,01 39 34 30 00,True
Hôpital Simone Veil,"14 Rue de Saint-Prix, 95600 Eaubonne",hopital-simoneveil.fr,01 34 06 60 00,False
Val du Loing Habitat,"31 Av. John Fitzgerald Kennedy, 77140 Nemours",valduloinghabitat.fr,01 64 45 52 20,True
Hauts-de-Seine Habitat OPH,"45 Rue Paul Vaillant Couturier, 92300 Levallois-Perret",hautsdeseinehabitat.fr,NA,True
Montrouge Habitat,"12 Rue Radiguey, 92120 Montrouge",NA,01 55 58 17 00,True
Office Public de l’Habitat,"7 Rue Chante Coq, 92800 Puteaux",puteaux.fr,01 46 92 90 90,False
Seine-Saint-Denis habitat,"10 Rue Gisèle Halimi, 93000 Bobigny",seinesaintdenishabitat.fr,01 48 96 52 00,True
SEM espaces verts,"36 Rue Paul Langevin, 78370 Plaisir",versailles.serpe.fr,01 30 55 09 11,True
DKV Euro Service France,"13-17 Rue Pagès, 92150 Suresnes",dkv-mobility.com,0 800 21 02 08,True
Messer France S.A.S.,"24 Quai Gallieni, 92150 Suresnes",messer.fr,01 40 80 33 00,True
l'école des loisirs,"11 Rue de Sèvres, 75006 Paris",ecoledesloisirs.fr,01 42 22 94 10,True
Petit Forestier - Location de véhicules frigorifiques,"29 Rte de Tremblay, 93420 Villepinte",petitforestier.com,01 41 52 52 52,False
Mirault Les Etuis,"6 Rue Marcel Dassault, 93360 Neuilly-Plaisance",lesetuismirault.fr,01 43 00 11 88,True
Lectra,"18 Rue Chalgrin, 75016 Paris",lectra.com,01 53 64 42 00,True
Centre National Interprofessionnel de l'Economie Laitière C.N.I.E.L,"42 Rue de Châteaudun, 75009 Paris",NA,01 49 70 71 11,True
Snetor,"11 Av. Dubonnet, 92400 Courbevoie",snetor.com,01 49 04 88 88,True
Saint Gobain Recherche,"39 Quai Lucien Lefranc, 93300 Aubervilliers",sgr-paris.saint-gobain.com,01 48 39 58 00,True
Keolis Portes et Val de Brie - COB de Roissy,"6 Sq. Louis Blanc, 77680 Roissy-en-Brie",iledefrance-mobilites.fr,01 80 97 93 41,True
Permaswage,"7 Rue des Dames, 78340 Les Clayes-sous-Bois",pccfasteners.com,01 30 79 17 20,True
Siège ORPEA,"12 Rue Jean Jaurès, 92800 Puteaux",orpea.com,01 47 75 78 07,True
Phone Régie,"22 Rue Violet, 75015 Paris",phone-regie.com,01 53 58 60 00,True
Setha Etude Travaux Hydrauliques et Adductions,"144 Av. Henri Barbusse, 93000 Bobigny",setha.fr,01 41 64 90 30,True
MC93 - Maison de la Culture de Seine-Saint-Denis,"9 Bd Lénine, 93000 Bobigny",mc93.com,01 41 60 72 60,True
NA,NA,NA,NA,NA
NA,NA,NA,NA,NA
Setec Hydratec,"42 Quai de la Rapée, 75012 Paris",NA,NA,True
Etablissements Guy Harang,"Rue du Moulin des Arts, 78550 Houdan",NA,01 30 88 16 50,True
Epa Sénart - Etablissement Public d'Aménagement de l'Opération d'Intérêt National de Sénart (OIN de Sénart),"La Grange Prévôté, 77176 Savigny-le-Temple",epa-senart.fr,01 64 10 15 15,True
NA,NA,NA,NA,NA
ERAMET IDEAS,"1 Rue Albert Einstein, 78190 Trappes",NA,01 30 66 27 27,True
Svp Transport,"99 Rue de la Bongarde, 92230 Gennevilliers",NA,NA,True
APS Coatings,"Zi de Noisiel, Rue de la Mare Blanche, 77186 Noisiel",aps-coatings.fr,01 60 37 50 00,True
Jardiland,"1 All. de l'air du Temps n° 1, 77127 Lieusaint",jardiland.com,01 60 60 84 48,True
Allianz Partners,"Eurosquare 2, 7 Rue Dora Maar, 93400 Saint-Ouen-sur-Seine",allianz-partners.com,01 53 25 53 25,True
Pirelli,"45 Rue des 3 Sœurs, 93420 Villepinte",NA,01 49 89 77 00,True
PREVOTE LOCATION,"1 Rte de Clermont, 95340 Persan",prevote.com,01 39 37 40 00,True
Bloc Feu Protection Sauvegarde Patrimoine,"9 Av. du 1er Mai, 91120 Palaiseau",bloc-feu-psp-palaiseau.fr,01 69 32 18 18,True
STIME,"123 Av. de la République, 92320 Châtillon",mousquetaires.com,01 41 48 30 00,True
Séquano,"Immeuble Irrigo, 27 Rue de Paris CS 60 002, 93019 Bobigny cedex",sequano.fr,01 48 96 64 00,True
Château de Villemoisson,"1 Rue Hérault de Séchelles, 91360 Villemoisson-sur-Orge",chateaudevillemoisson.fr,01 69 04 00 00,True
Sodexo,"255 Quai de Stalingrad, 92130 Issy-les-Moulineaux",sodexo.com,01 30 85 75 00,True
STRADAL,"47 Av. des Genottes, 95800 Cergy",stradal.fr,01 34 25 55 55,True
G7 Taxi Services,"48 Rue Eugène Berthoud, 93403 Saint-Ouen-sur-Seine",g7taxis.fr,01 49 48 38 00,True
Kubota Europe,"19-25 Rue Jules Vercruysse, 95100 Argenteuil",kubota-eu.com,01 34 26 34 34,True
Paule Ka,"45 Rue François 1er, 75008 Paris",pauleka.com,01 47 20 76 10,False
Nestlé France,"34-40 Rue Guynemer, 92130 Issy-les-Moulineaux",nestle.fr,0 809 40 04 12,True
NA,NA,NA,NA,NA
Maison de Retraite des Sœurs Augustines,"23 Rue Edouard Charton, 78000 Versailles",maison-augustines-versailles.fr,01 39 20 19 39,True
Pernod Ricard,"5 Cr Paul Ricard, 75008 Paris",pernod-ricard.com,01 70 93 16 00,True
Intel Corporation,"2 Rue de Paris, 92190 Meudon",intel.fr,01 58 87 71 71,True
Naturalia France,"14 - 16 Rue Marc Bloch, 92110 Clichy",naturalia.fr,0 800 03 40 35,True
"Groupe CEGI (CEGI, CEGI Santé, CEGI Alfa)","63 Bis Bd Bessières, 75017 Paris",cegi.fr,01 40 25 30 00,True
Societe PERI France,"Zone Industrielle Nord, 34-36 Rue des Frères Lumière, 77100 Meaux",peri.fr,01 64 35 24 40,True
Crédit Logement,"50 Bd de Sébastopol, 75003 Paris",creditlogement.fr,01 44 61 60 01,True
LTD EXPRESS,"29 Rue Anselme, 93400 Saint-Ouen-sur-Seine",NA,01 87 65 08 99,False
Café de Flore,"172 Bd Saint-Germain, 75006 Paris",cafedeflore.fr,01 45 48 55 26,True
WWF France,"35-37 Rue Baudin, 93310 Le Pré-Saint-Gervais",wwf.fr,01 71 86 40 60,True
Sto Siège Social,"224 rue Michel Carré – CS40045, 95872 Bezons",sto.fr,01 34 34 57 00,True
Saipem SA,"7 Av. de San Fernando, 78180 Montigny-le-Bretonneux",saipem.fr,01 61 37 88 88,True
Louis Berger International,"15 Rue de Vanves, 92100 Boulogne-Billancourt",louisbergerinternational.com,NA,True
BBGR,"22 Rue de Montmorency, 75003 Paris",bbgr.com,NA,True
NA,NA,NA,NA,NA
AMICA groupe SNEF,"116 Quai de Bezons, 95100 Argenteuil",snef.fr,01 46 25 84 00,True
Konica Minolta Business Solutions,"365-367 Rte de Saint-Germain, 78420 Carrières-sur-Seine",konicaminolta.fr,01 30 86 60 00,True
Banque Transatlantique,"26 Av. Franklin Delano Roosevelt, 75008 Paris",banquetransatlantique.com,01 56 88 77 77,True
La Comédie Française,"1 Place Colette, 75001 Paris",comedie-francaise.fr,01 44 58 15 15,True
"Sponsorisé
Audrey DEVADER, Avocat","11 Rue Portalis, 75008 Paris",business.site,06 87 35 38 08,False
Chambre des Notaires de Paris,"Pendant les travaux au 18 rue Pasquier, 75008, 12 Av. Victoria, 75001 Paris",paris.notaires.fr,01 44 82 24 00,True
Institut de l'Elevage,"149 Rue de Bercy, 75012 Paris",idele.fr,01 40 04 51 50,True
Complexe omnisports Géo André (Stade Français),"2 Rue du Commandant Guilbaud, 75016 Paris",stadefrancais.com,01 40 71 33 33,False
Maison des Sportifs,"254 Av. de la Division Leclerc, 92290 Châtenay-Malabry",NA,01 43 50 47 62,False
Clinique Médicale de Ville d'Avray,"23 Rue Pradier, 92410 Ville-d'Avray",cmva92.com,01 47 09 05 81,True
NA,NA,NA,NA,NA
Toyota Material Handling France - Centre de formation CACES 77,"4 Av. de l'Europe, 77600 Bussy-Saint-Georges",toyota-forklifts.fr,01 64 77 85 00,True
Silliker-Mérieux NutriSciences,"25 Bd de la Paix, 95800 Cergy",merieuxnutrisciences.fr,0 820 56 20 30,False
Crédit Social des Fonctionnaires - CSF Siège,"9 Rue du Faubourg Poissonnière, 75009 Paris",csf.fr,01 53 36 10 40,True
Cegedim Outsourcing,"15 Rue Paul Dautier, 78140 Vélizy-Villacoublay",cegedim-outsourcing.fr,01 34 58 35 00,True
NA,NA,NA,NA,NA
Fédération Française de la Randonnée Pédestre,"64 Rue du Dessous des Berges, 75013 Paris",ffrandonnee.fr,01 44 89 93 90,False
Cogerest,"280 impasse Anita Conti, 77127 Lieusaint",restalliance.fr,01 60 49 11 11,False
Europcar Mobility Group,"13 Ter Bd Berthier, 75017 Paris",europcar-mobility-group.com,01 30 44 90 00,True
Thermo Fisher Scientific,"16 Av. du Québec SILIC 765, 91140 Les Ulis",thermofisher.com,01 60 92 48 00,False
Fédération française de Football,"87 Bd de Grenelle, 75015 Paris",fff.fr,01 44 31 73 00,False
CMC agnès b.,"17 Rue Dieu, 75010 Paris",agnesb.com,01 40 03 45 00,False
SARPI-VEOLIA (Siège),"427 Rte du Hazay, 78520 Limay",sarpi.veolia.com,01 34 97 25 25,False
CLINALLIANCE Ehpad REPOTEL Marcoussis,"Rue Eugène Moutard Martin, 91460 Marcoussis",clinalliance.fr,01 69 80 13 00,True
ROTH France,"78 Rue Ampère, 77400 Lagny-sur-Marne",roth-france.fr,01 64 12 44 44,True
Groupe GM Aficom,"10 Rue des Bergers, 75015 Paris",groupegm.eu,01 45 75 35 94,True
Transdev STBC,"75 Rue Gustave Nast, 77500 Chelles",transdev-idf.com,01 64 72 00 54,False
Autocars R. Suzanne,"4 Av. Winston Churchill, 94190 Villeneuve-Saint-Georges",autocars-suzanne.fr,01 43 89 38 38,True
Le Clos,"1 Rue Nationale, 95490 Vauréal",institutcloslevallois.fr,01 34 43 60 07,False
Avec la clinique Saint-Jean l'Ermitage,"98 Av. du Général Patton, 77000 Melun",clinique-saint-jean-ermitage.fr,01 64 71 54 00,True
Crédit Agricole Corporate & Investment Bank,"12 Pl. des États Unis CS 70052, 92547 Montrouge",ca-cib.com,01 41 89 00 00,False
SCP WARGNY LELONG & Associés,"22 Av. Henri Barbusse, 92700 Colombes",wargny-lelong.notaires.fr,01 55 66 87 00,True
Baxter,"4 bis Rue de la Redoute, 78280 Guyancourt",baxter.fr,01 34 61 50 50,True
ATEQ,"15 Rue des Dames, 78340 Les Clayes-sous-Bois",ateq.com,01 30 80 10 20,True
Automatic Systems,"22 Rue du 8 Mai 1945, 95340 Persan",automatic-systems.com,01 30 28 95 50,True
Keesing France,"53 Rue Raspail, 92300 Levallois-Perret",sportcerebral.com,01 41 49 09 59,True
Securitas,"253 Quai de la Bataille de Stalingrad, 92130 Issy-les-Moulineaux",securitas.fr,01 41 33 84 00,True
PAP Particulier à Particulier,"45 Rue du Cardinal Lemoine, 75005 Paris",pap.fr,01 40 56 33 33,True
U Enseigne Coopérative,"20 Rue d'Arcueil, 94150 Rungis",magasins-u.com,01 45 15 95 00,True
NA,NA,NA,NA,NA
RENAULT Créteil - KEOS,"37 Rue de Valenton, 94000 Créteil",renault-creteil.fr,01 45 17 98 00,True
Esat Berthier,"7 Av. de la Prte de Clichy, 75017 Paris",esatberthier.fr,01 42 28 24 06,False
E.P.S.P.,"14 Av. du Valquiou batiment c6, 93290 Tremblay-en-France",epsp.fr,01 48 64 94 46,False
RENAULT NOISIEL - BRIE DES NATIONS,"4-6 Av. Pierre Mendès France, 77186 Noisiel",briedesnations.fr,01 60 05 92 92,False
Fédération Française de Karaté,"39 Rue Barbès, 92120 Montrouge",ffkarate.fr,01 41 17 44 40,True
Otto Bock France,"4 Rue de la Réunion, 91940 Les Ulis",ottobock.fr,01 69 18 88 30,True
Districom Sales And Marketing,"Tour d'asnières, 1 Rue Louis Armand Hall B, 92600 Asnières-sur-Seine",districomsam.fr,01 41 21 77 77,True
Mobi Fleet Leasing,"7 Av. Nicéphore Niépce, 78180 Montigny-le-Bretonneux",NA,01 30 05 95 83,True
Hôpital privé d'Antony - Ramsay Santé,"1 Rue Velpeau, 92160 Antony",ramsaysante.fr,01 46 74 37 00,True
Médecins Sans Frontières,"34 Av. Jean Jaurès, 75019 Paris",msf.fr,01 40 21 29 29,True
STOCK 12 inventaires,"17 Rue Auguste Gervais, 92130 Issy-les-Moulineaux",stock12.com,01 41 90 12 92,True
Antony Habitat,"8 Av. Léon Harmel, 92160 Antony",hdb-habitat.fr,0 805 02 54 28,True
Stago,"3 All. Theresa CS 10009, 92600 Asnières-sur-Seine",stago.com,01 46 88 20 20,True
ORANO - Le Prisme,"125 Av. de Paris, 92320 Châtillon",orano.group,01 34 96 00 00,True
"Sponsorisé
Atol Mon Opticien","46 Rue Auguste Mounié, 92160 Antony",atol.fr,01 57 19 05 51,False
Coopérative Agricole Ile de France Sud,"Zone Industrielle les, Rue des Rochettes, 91150 Morigny-Champigny",idfscoop.com,01 69 92 10 10,True
"Sponsorisé
MACIF Assurances","1 Prom. Jean Rostand, 93000 Bobigny",agence.macif.fr,09 69 39 49 49,False
Warning+ Villeneuve-la-Garenne,"34 Av. du 8 Mai 1945, 92390 Villeneuve-la-Garenne",warning.fr,NA,False
Rockpanel,"111 Rue du Château des Rentiers, 75013 Paris",rockpanel.fr,01 40 77 83 35,True
Sleevpac-Decosleeve,"12 Av. Louis Braille, 91420 Morangis",sleever-machines.com,01 69 74 75 76,False
Symphony EYC,"37 Rue du Colonel Pierre Avia, 75015 Paris",symphonyretailai.com,01 46 48 28 72,True
GETRAC,"20 Bd de Beaubourg, 77183 Croissy-Beaubourg",getrac-shop.com,01 60 05 83 81,False
GS1 France,"21 Bd Haussmann, 75009 Paris",gs1.fr,01 40 22 18 00,True
NA,NA,NA,NA,NA
CARTADIS,"Zone des Marais, 1 Avenue Louison Bobet, 94120 Fontenay-sous-Bois",cartadis.com,01 48 77 40 60,True
TERCA,"5 Rue Lavoisier, 77400 Lagny-sur-Marne",terca.fr,01 60 07 56 05,False
Terres d'Aventure,"30 Rue Saint-Augustin, 75002 Paris",terdav.com,01 70 82 90 00,True
Société Europeenne des Produits Réfractaires S.E.P.R,"18 Carr d'Alsace, 92400 Courbevoie",NA,01 47 62 37 00,False
Scandinavian Tobacco Group France,"55 Av. des Champs Pierreux, 92000 Nanterre",st-group.com,01 55 17 72 50,True
Clinique de la Défense -RamsaySanté,"16 Bd Emile Zola, 92000 Nanterre",ramsaysante.fr,01 46 69 29 65,True
VEGA Investment Managers,"115 Rue Montmartre, 75002 Paris",vega-im.com,01 58 19 61 00,True
Dufay Mandre,"Rte de Cossigny, 77173 Chevry-Cossigny",dufaymandre.fr,01 60 62 55 30,True
Ronjat,"40 Rue des Cerisiers, 78370 Plaisir",NA,01 30 81 05 05,False
Euro Fromage,"Av. Charles de Gaulle, 93240 Stains",NA,01 49 40 63 00,True
Capelli Île-de-France,"43 Rue du Faubourg Saint-Honoré, 75008 Paris",capelli-immobilier.fr,01 44 90 81 10,True
Capelli Île-de-France,"43 Rue du Faubourg Saint-Honoré, 75008 Paris",capelli-immobilier.fr,01 44 90 81 10,True
Capelli Île-de-France,"43 Rue du Faubourg Saint-Honoré, 75008 Paris",capelli-immobilier.fr,01 44 90 81 10,True
Sotrema,"33 Rue Gustave Eiffel, 78710 Rosny-sur-Seine",sotrema-environnement.fr,01 30 98 36 40,True
Valeo Service,"70 Rue Pleyel, 93200 Saint-Denis",valeo.com,01 49 45 32 32,True
Wilmotte & Associés SAS d’Architecture,"68 Rue du Faubourg Saint-Antoine, 75012 Paris",wilmotte.com,01 53 02 22 22,True
Eurofil,"70 Av. de l'Europe, 92270 Bois-Colombes",eurofil.com,02 32 82 45 01,False
FONCIA | Agence Immobilière | Location-Syndic-Gestion-Locative | Paris 14ème| R. Raymond Losserand,"200 Rue Raymond Losserand 200, 75014 Paris",fr.foncia.com,01 56 54 39 29,True
Orona,"9 Rue des Amériques, 94370 Sucy-en-Brie",NA,NA,True
"Sponsorisé
MERCEDES-BENZ TECHSTAR MELUN by autosphere","140 Av. Anna Lindh, 77240 Vert-Saint-Denis",mercedes-benz-melun.fr,01 64 14 15 16,False
Menuiserie Bonnardel,"2 Av. du Président Paul Séramy, 77870 Vulaines-sur-Seine",bonnardel.fr,01 64 69 54 80,True
ESAT Paul Besson - Association Revivre,"1 à 7 Chem. de la Roche du Temple, 91150 Étampes",paul-besson91.com,01 64 94 50 36,True
Etandex,"2 Av. du Pacifique, 91940 Les Ulis",etandex.fr,01 69 33 62 00,True
Argedis,"23 Rue François Jacob, 92500 Rueil-Malmaison",argedis.com,01 55 17 62 68,True
Titeflex,"22 Av. Maurice Chevalier, 77330 Ozoir-la-Ferrière",NA,01 60 18 52 00,True
HOYA Vision Care France,"Rue Willy Brandt, 77184 Émerainville",hoyavision.com,0 811 90 46 92,True
Biotronik France,"2 Rue Nicolas Ledoux, 94150 Rungis",biotronik.fr,01 46 75 96 60,True
Proximity Paris,"52 Av. Emile Zola, 92100 Boulogne-Billancourt",proximity.fr,01 41 23 41 23,False
Lacoste,"37 Bd de Montmorency, 75016 Paris",lacoste.com,NA,True
Nasco France,"171 Rue de Buzenval, 92380 Garches",nascofrance.com,01 47 95 97 00,True
Sermat,"249 Rue de la Garenne, 92000 Nanterre",sermataero.fr,01 46 52 68 68,True
Les Vitrines du Monde,"30 Rue du Sergent Bauchat, 75012 Paris",NA,01 44 68 42 90,False
BDO,"7 Rue du Parc de Clagny, 78000 Versailles",bdo.fr,01 30 83 91 70,True
Promogim Île-de-France,"22 Rue de Bellevue, 92100 Boulogne-Billancourt",promogim.fr,01 48 25 46 25,True
Groupe Guinier 1823,"71 Rue Etienne Dolet, 94140 Alfortville",spinnaker-guinier.com,01 43 96 10 22,False
Super U et Drive,"18 Bd de la République, 92420 Vaucresson",coursesu.com,01 47 41 55 12,True
IPSEN,"65 Quai Georges Gorse, 92100 Boulogne-Billancourt",ipsen.com,01 58 33 50 00,True
SNAVEB - Agence de MELUN,"608 Rue du Maréchal Juin, 77000 Melun",agence.sarp-assainissement.fr,01 64 37 05 59,True
Ehpad St Joseph - SIAMPADH,"41 Av. de Fontainebleau, 77760 La Chapelle-la-Reine",essaimgatinais.fr,01 64 24 32 36,True
Société de Manutention de Carburants Aviation (SMCA),"Chem. de Livry, 95380 Chennevières-lès-Louvres",NA,01 34 47 30 30,True
Fonderie de Gentilly,"ZI du Bois de l'Epine, 13-14 Rue Jules Guesde, 91130 Ris-Orangis",NA,01 60 77 25 66,True
OC GIF,"Parc des Sports Michel Pelchat, All. du Parc, 91190 Gif-sur-Yvette",ocgif.com,01 69 07 15 95,True
Trans Air Freight - TAF ROISSY CDG,"4 Rue du Te Bâtiment 3451, 93290 Tremblay-en-France",taftrans.fr,01 41 84 04 40,False
NA,NA,NA,NA,NA
Hôpital Privé Nord Parisien (HPNP).,"3 Bd Maréchal de Lattre de Tassigny, 95200 Sarcelles",hpnp.fr,01 39 92 70 00,True
STRF & Chadel / groupe Eurovia Vinci,"57 Rue de la Libération, 91590 Boissy-le-Cutté",eurovia.fr,01 69 23 26 26,False
Guerbet Group,"15 Rue des Vanesses, 93420 Villepinte",guerbet.com,01 45 91 50 00,True
Vernet Group (HQ),"21 Rte d'Arpajon, 91340 Ollainville",vernet-group.com,01 69 26 82 82,True
Duval Paris,"51 Rue Ledru Rollin, 94220 Ivry-sur-Seine",duval-paris.com,01 41 65 40 00,True
NA,NA,NA,NA,NA
Vert Limousin,"184 Chau. Jules César, 95250 Beauchamp",vert-limousin.com,01 34 18 71 30,True
KOMET FRANCE,"18 Rue Fourcroy, 75017 Paris",komet.fr,01 43 48 89 90,True
AKKODIS (Akka),"Albero - Les Quadrants, 3 Av. du Centre, 78280 Guyancourt",akkodis.com,01 79 92 40 00,True
Audika France - Siège,"231 Rue des Caboeufs, 92230 Gennevilliers",audika.fr,01 55 37 30 30,True
NA,NA,NA,NA,NA
E.I.B.B Etude Immobilière de Boulogne Billancourt,"86 Rue de Bellevue, 92100 Boulogne-Billancourt",NA,01 46 05 17 00,False
Mediawan Thematics,"7-15 Rue du Dôme, 92100 Boulogne-Billancourt",mediawan.fr,01 49 22 20 01,False
Agence immobilière l'Adresse Boulogne-Billancourt,"83 Rue de Bellevue, 92100 Boulogne-Billancourt",NA,01 80 88 52 10,False
NA,NA,NA,NA,NA
Apside Groupe,"58 Av. du Général Leclerc, 92100 Boulogne-Billancourt",apside.fr,01 41 10 01 61,True
Restaurant Campanile,"1 Pl. des Degrés, 92800 Puteaux",campanile.com,06 08 48 71 41,False
Societe Beillot,"31 Rue de Chevreuse, 78310 Maurepas",NA,01 30 49 18 83,True
Tractebel,"5 Rue du 19 Mars 1962, 92622 Gennevilliers",tractebel-engie.com,01 41 85 03 69,True
NA,NA,NA,NA,NA
Mercedes-Benz & smart - Como Fontenay,"189 Av. du Maréchal - de - Lattre - de - Tassigny, 94120 Fontenay-sous-Bois",como.fr,01 48 77 09 09,True
NA,NA,NA,NA,NA
R2B | Fabricant d'Optiques de précision,"5 Rue des Carriers Italiens, 91350 Grigny",my.matterport.com,01 69 43 32 31,False
NA,NA,NA,NA,NA
NA,NA,NA,NA,NA
Prodemo,"137 Av. de Lattre de Tassigny, 93800 Épinay-sur-Seine",NA,01 48 41 35 75,True
Melavie,"83 Av. de la République, 91230 Montgeron",melavie.fr,01 69 03 51 84,True
Bonfiglioli Transmissions,"14 Rue Eugène Pottier, 95670 Marly-la-ville",bonfiglioli.fr,01 34 47 45 10,True
Signia SAS,NA,signia-pro.com,01 49 33 15 15,False
Sofreco,"92 Bd Victor Hugo, 92110 Clichy",sofreco.com,01 41 27 95 95,True
sud express,"52 Rue du Faubourg Poissonnière, 75010 Paris",sudexpress.com,01 42 26 62 15,True
Trelleborg Sealing Solutions France SAS,"38 Rue Jean Mermoz, 78600 Maisons-Laffitte",trelleborg.com,01 30 86 56 00,True
Petit Futé,"18 Rue des Volontaires, 75015 Paris",petitfute.com,01 53 69 70 00,True
Microport CRM,"4 Av. Réaumur, 92140 Clamart",crm.microport.com,01 46 01 33 33,True
Association Ordre de Malte France,"42 Rue des Volontaires, 75015 Paris",ordredemaltefrance.org,01 45 20 80 20,True
LBMB Notaires,"25 Av. Marceau, 75016 Paris",lbmb-notaires.com,01 47 66 02 66,True
Select Service Partners France,"5 Rue Charles de Gaulle, 94140 Alfortville",foodtravelexperts.com,01 75 64 46 00,True
Transports Champagnat,"14 Av. des Châtaigniers, 95150 Taverny",NA,01 30 40 77 77,True
GROUPE M SERVICE,"18 Rue St Vincent de Paul, 75010 Paris",groupemservice.fr,01 48 78 25 25,True
GVA Sa,"105 Av. Raymond Poincaré, 75116 Paris",gva.fr,01 45 00 76 00,True
Coopérative Giphar,"38 bis Rue du Fer à Moulin, 75005 Paris",pharmaciengiphar.com,01 40 13 79 79,True
Hôpital privé de l'Ouest Parisien - Ramsay Santé,"14 Rue Castiglione del Lago, 78190 Trappes",ramsaysante.fr,01 86 86 78 78,True
MIF : Mutuelle Ivry (la Fraternelle),"23 Rue Yves Toudic, 75481 Paris",mifassur.com,09 70 15 77 77,True
Helbul,"231 Av. Laurent Cély, 92230 Gennevilliers",helbul.fr,01 41 21 59 22,True
Saretec,"9 Rue Georges Enesco, 94000 Créteil",saretec.fr,01 49 56 84 00,True
Mettler Toledo,"18 - 20 Av. de la Pépinière, 78220 Viroflay",mt.com,01 30 97 17 17,True
Toshiba TIDF,"1 Rue Auguste Perret, 94150 Rungis",NA,01 79 86 12 23,False
Ensio (Ex-SADE Télécom),"361 Avenue du Général de Gaulle, 92140 Clamart",sade-telecom.fr,01 40 83 66 50,True
Audika France - Siège,"231 Rue des Caboeufs, 92230 Gennevilliers",audika.fr,01 55 37 30 30,True
Paradis Latin,"28 Rue du Cardinal Lemoine, 75005 Paris",paradislatin.com,01 43 25 28 28,True
TIP Group Paris Sud,"Av. de la Tremblaie, 91220 Le Plessis-Pâte",tip-group.com,01 60 76 85 20,True
Siège Sodexo France,"6 Rue de la Redoute, 78280 Guyancourt",fr.sodexo.com,01 30 85 75 00,True
Ciblex France,"97 Rue Mirabeau, 94200 Ivry-sur-Seine",ciblex.fr,01 49 87 49 87,True
Herta,"Immeuble Maille Nord, 16 Bd du Mont d'Est 4, 93160 Noisy-le-Grand",herta.fr,NA,True
Les Halles Mandar,"25 Rue des Antilles Bâtiment i2, 94150 Rungis",leshallesmandar.com,01 41 80 50 00,False
Clinique Blomet - Ramsay Santé,"136 bis Rue Blomet, 75015 Paris",ramsaysante.fr,01 86 86 45 37,True
Bose,"26-28 Av. de Winchester, 78100 Saint-Germain-en-Laye",bose.fr,01 30 61 63 63,True
Collège/Lycée Notre Dame de Bury,"1 Av. Georges Pompidou, 95580 Margency",bury-rosaire.fr,01 34 27 38 00,True
NA,NA,NA,NA,NA
E.Leclerc ROSNY SOUS BOIS,"32-34 Rue du Général Gallieni, 93110 Rosny-sous-Bois",e.leclerc,01 45 28 14 10,True
NA,NA,NA,NA,NA
NA,NA,NA,NA,NA
Kelly Services,"9 Cr du Triangle Bâtiment D, 92800 Puteaux",kellyservices.fr,01 58 74 67 67,True
Intermarché SUPER Vigneux,"5 Av. Henri Barbusse, 91270 Vigneux-sur-Seine",intermarche.com,01 74 06 21 30,True
Axa Partners,"6 Rue André Gide, 92320 Châtillon",axapartnersfrance.fr,01 55 92 40 00,True
NA,NA,NA,NA,NA
NA,NA,NA,NA,NA
Orpi France,"20 Rue Charles Paradinas, 92110 Clichy",orpi.com,01 53 80 99 99,True
Club Chevry II,"Maison des Peupliers, Place de la Convention, 91190 Gif-sur-Yvette",clubchevry2.com,01 60 12 25 61,False
VALOR Portage,"Parvis de la Défense, Paroi Nord de la Grande Arche, 1 Pass. de l'Arche, 92044 Puteaux",valor-portage.fr,01 55 62 19 19,True
CHRRF La Châtaigneraie,"rue Bernard Astruc, 95180 Menucourt",lachataigneraie.fr,01 34 46 65 65,False
"Association Aide à Domicile Centre77 - aide, soins et hospitalisation à domicile","23 Rue du Général Leclerc, 77540 Rozay-en-Brie",centre77.fr,01 64 07 76 10,True
Apui Ass Urbanisme Intégré,"10 Rue de la Justice Mauve, 95000 Cergy",NA,01 34 41 28 99,True
Interparking Services,"8 Rue Saint-Honoré, 78000 Versailles",NA,NA,False
Ethypharm,"194 Bureaux de la Colline, 92210 Saint-Cloud",ethypharm.com,01 41 12 17 20,True
Basf Coatings Services,"16 Rue Jean Mermoz, 77290 Compans",NA,0 810 19 08 39,True
Renault Orsay Les Ulis - Groupe Losange Autos,"5 Av. des Tropiques, 91940 Les Ulis",losangeautos.fr,01 60 92 69 69,True
CRMA,"14 Av. Gay Lussac, 78990 Élancourt",crma.fr,01 30 68 00 68,True
Retail Renault Group,"2 Av. Denis Papin, 92140 Clamart",renault-retail-group.fr,NA,True
Tour Saint-Gobain,"12 Pl. de l'Iris, 92400 Courbevoie",saint-gobain.com,01 88 54 00 00,True
M.Charraire,"24-26 Quai Jules Guesde, 94400 Vitry-sur-Seine",mcharraire.fr,01 47 18 33 33,True
Le Point,"1 Bd Victor, 75015 Paris",lepoint.fr,01 44 10 10 10,True
Saunier Duval - direction régionale Ile-de-France,"8 Av. Pablo Picasso, 94120 Fontenay-sous-Bois",saunierduval.fr,01 56 71 83 30,True
Cavime,"Rue des Champarts, 77820 Le Châtelet-en-Brie",cavime.com,01 60 66 60 35,True
Caderas Martin,"43 Rue de Liège, 75008 Paris",caderas-martin.com,01 44 90 25 25,True
NA,NA,NA,NA,NA
Bamesa France,"8 Rte de Stains, 94380 Bonneuil-sur-Marne",bamesa.com,01 45 13 44 20,True
Périphérique Nord,"105 Rue Salvador Allende, 95870 Bezons",NA,01 34 34 38 38,True
Secafi,"20-24 Rue Martin Bernard, 75013 Paris",NA,01 53 62 70 00,True
GEZE France S.A.R.L.,"ZAC de l’Orme Rond, 11 Rue de Périgny, 77170 Servon",geze.fr,01 60 62 60 70,True
SMRD BAT 92,"42 Rue du Commandant Rolland, 93350 Le Bourget",NA,01 48 38 71 01,False
"SELAS Le Gal, Tagot, Bertin et Allilaire, notaires associés","3 Pl. Chapu, 77000 Melun",office3placechapu-melun.notaires.fr,01 64 37 04 22,True
Clinique des Champs Elysées Paris - Chirurgie et médecine esthétique,"61 Av. Franklin Delano Roosevelt, 75008 Paris",crpce.com,01 53 77 25 88,True
Délifrance,"99 Rue Mirabeau, 94200 Ivry-sur-Seine",delifrance.com,01 49 59 75 00,True
Association Sportive de Bondy,"4 Av. Marx Dormoy, 93140 Bondy",asbondy.com,01 48 02 03 03,True
celio,"21 Rue Blanqui, 93400 Saint-Ouen-sur-Seine",celio.com,09 69 32 34 20,True
Cogeferm Ferrières en Brie,"Avenue Joseph Froelicher Zac Le Parc du, All. du Bel air, 77164 Ferrières-en-Brie",cogeferm.fr,01 60 54 39 39,True
BMC Software,"10th Floor Tower A, 100 Espl. du Général de Gaulle, 92400 Paris",bmcsoftware.fr,01 57 00 61 00,True
ATS (ATS-ATPE Département Ascenseurs),"58 Rue de Neuilly Parc des Guillaumes Bât E2, E3, 93130 Noisy-le-Sec",ats-ascenseurs.com,01 80 60 65 00,False
Synerlink,"Rue de la Boulaye, 95650 Puiseux-Pontoise",synerlink.com,01 30 15 29 30,False
Le Trait d'Union de Verrières-le-Buisson TUVB,"Pl. Charles de Gaulle, 91370 Verrières-le-Buisson",tuvb.org,01 69 53 11 24,True
Gondoire,77600 Jossigny,NA,NA,False
Clinique de l'Ange Gardien - Ramsay Santé,"Av. Léopold Bellan, 77260 Chamigny",ramsaysante.fr,01 75 78 61 00,True
Centre médical et dentaire - COSEM Auber,"9 Rue Boudreau, 75009 Paris",centre-medical-auber.fr,01 55 56 62 51,True
NA,NA,NA,NA,NA
LeasePlan France,"274 Av. Napoléon Bonaparte, 92500 Rueil-Malmaison",leaseplan.fr,01 56 84 10 10,True
Stef SA,"93 Bd Malesherbes, 75008 Paris",stef.com,01 40 74 29 00,True
CAHPP,"20 Rue Richer, 75009 Paris",cahpp.eu,01 55 33 60 00,True
GH2E,"11 Rue Henri Dunant, 91070 Bondoufle",NA,NA,True
Hôpital La Porte Verte,"6 Av. du Maréchal Franchet d'Esperey, 78000 Versailles",hopitalporteverte.com,01 39 63 74 00,True
Orchestre de chambre de Paris,"221 Av. Jean Jaurès, 75019 Paris",orchestredechambredeparis.com,09 70 80 80 70,True
Sage,"10 Pl. de Belgique, 92250 La Garenne-Colombes",sage.com,0 810 30 30 30,True
ATELIERS RALLION E.S.A.T. PARIS,"88 Rue d'Aubervilliers, 75019 Paris",NA,01 40 37 55 19,False
ENVEA (ex Environnement SA),"111 Bd Robespierre, 78300 Poissy",envea.global,01 39 22 38 00,True
La Française,"128 Bd Raspail, 75006 Paris",la-francaise.com,01 44 56 10 00,True
Christie's,"9 Av. Matignon, 75008 Paris",christies.com,01 40 76 85 85,True
A.F.E.M.,"306 Bis Rue Marc Seguin, 77190 Dammarie-les-Lys",afem.com,01 64 79 50 30,True
Cobra Parmentier (Paris 11),"66 Ave Parmentier, 75011 Paris",cobra.fr,01 49 29 10 50,True
Ambassade du Qatar,"1 Rue de Tilsitt, 75008 Paris",paris.embassy.qa,01 45 51 90 71,True
NA,NA,NA,NA,NA
AFTRAL Siège Social,"46 Av. de Villiers, 75017 Paris",aftral.com,0 809 90 89 08,True
Transdev Valmy - COB de Saint-Gratien,"1 Chem. du Clos Saint-Paul, 95210 Saint-Gratien",iledefrance-mobilites.fr,01 34 28 41 90,True
Mapa SAS,"420 rue d'Estiennes d'Orves, 92705 Colombes",mapaetmoi.fr,01 49 64 22 00,True
Europe Surveillance,"17 Rue des Petits Hôtels, 75010 Paris",europe-surveillance.com,01 48 24 08 70,True
Takasago,"12 Rue Torricelli, 75017 Paris",takasago.com,NA,True
EHPAD Notre Dame D'Espérance,"1 Bd du Maréchal Joffre, 91490 Milly-la-Forêt",NA,01 64 98 10 00,True
Association De Soins Et Services A Domicile .,"24 Rue du Colonel Picot, 77000 Melun",assadrm.com,01 64 38 47 17,True
Chauffeur privé Paris | Chabé,"91 Av. Jules Quentin, 92000 Nanterre",chabe.fr,01 41 20 95 10,False
Docaposte,"45, 47 Bd Paul Vaillant Couturier, 94200 Ivry-sur-Seine",docaposte.com,01 56 29 70 01,True
Knauf IDF / Ouest - Marolles-sur-Seine,"Rte de Bray, 77130 Marolles-sur-Seine",knauf.fr,01 64 70 52 00,True
Centre d' Imagerie Medicale du Galilée,"3 Rue Pierre Mendès France, 77200 Torcy",cimg77.fr,01 60 06 62 24,True
NA,NA,NA,NA,NA
Société Centrale Canine,"155 Av. Jean Jaurès, 93300 Aubervilliers",centrale-canine.fr,01 49 37 54 00,True
Busch Vacuum Solutions,"16 Rue du Bois Chaland, 91090 Lisses",buschvacuum.com,01 69 89 89 89,True
SRBG Saint-Germain-en-Laye,"Cité du Grand Cormier BP 20878, Rte du Grand Cormier, 78108 Saint-Germain-en-Laye",srbg.fr,01 34 93 03 03,True
NA,NA,NA,NA,NA
Eiffage Énergie Systèmes - Game Ingénierie,"17 Rue de la Belle Étoile, 91540 Ormoy",fr.clemessy.com,01 60 90 58 58,True
GE Healthcare (GEMS),"283 Rue de la Minière, 78530 Buc",gehealthcare.fr,01 30 70 40 40,True
NA,NA,NA,NA,NA
La Française des Jeux,"3 - 7 Quai du Point du Jour, 92100 Boulogne-Billancourt",fdj.fr,01 41 10 35 00,True
NA,NA,NA,NA,NA
Leroux Matériel Services,"10 Chem. de la Chapelle Saint-Antoine, 95300 Ennery",NA,01 30 30 00 89,True
Le Cellier à Fromages Marie Montini,"56 Rue Charles de Gaulle, 78730 Saint-Arnoult-en-Yvelines",NA,01 30 59 93 92,False
STAE,"12 Av. du Garigliano, 91600 Savigny-sur-Orge",stae.fr,01 43 50 78 12,True
Husqvarna,"Parc les Barbanniers, 9-11 All. des Pierres Mayettes, 92230 Gennevilliers",husqvarna.fr,01 40 85 30 00,True
DXC Technology,"Tour Carpe Diem, 31 Pl. des Corolles, 92400 Courbevoie",dxc.technology,01 88 54 40 00,True
Siège social E.Leclerc,"26 Quai Marcel Boyer, 94200 Ivry-sur-Seine",e-leclerc.com,01 49 87 50 00,True
Audiophase,"190 Rue de Vaugirard, 75015 Paris",cinephase.com,01 42 19 29 39,True
Climex,"2B Av. Ampère, 77220 Gretz-Armainvilliers",climex.fr,01 82 21 82 30,True
Amundi,"91 Bd Pasteur, 75015 Paris",legroupe.amundi.com,01 76 33 30 30,False
Voyageurs du Monde - Paris,"55 Rue Sainte-Anne, 75002 Paris",voyageursdumonde.fr,01 42 86 16 00,False
Les Notaires du Trocadéro - Notaires à Paris 16,"32 Av. Raymond Poincaré, 75116 Paris",lesnotairesdutrocadero.fr,01 53 65 71 00,True
Delisle SAS,"BP25 Anc. Chem. de Provins, 77320 La Ferté-Gaucher",delisle-sa.com,01 64 75 88 88,True
Antin Residences,"59 Rue de Provence, 75009 Paris",antin-residences.fr,01 49 95 37 37,True
Abeille Assurances,"80 Av. de l'Europe, 92270 Bois-Colombes",abeille-assurances.fr,01 76 62 50 00,True
Les Amis-Service à domicile,"111 Rue Cardinet, 75017 Paris",lesamis17.fr,01 44 85 29 00,True
Balt,"Rue du Fonds des Aulnes, 95160 Montmorency",balt-corp.com,01 39 89 46 41,True
F-m Richard Et Associes,"1 Pl. d'Estienne d'Orves, 75009 Paris",fm-richard.com,01 53 93 60 70,True
Restaurant Guy Savoy,"Monnaie de Paris, 11 Quai de Conti, 75006 Paris",guysavoy.com,01 43 80 40 61,True
NA,NA,NA,NA,NA
Burger King,"84 Bd du Montparnasse, 75014 Paris",burgerking.fr,01 82 73 13 86,True
National Bank Of Kuwait France SA,"90 Av. des Champs-Élysées, 75008 Paris",nbk.com,01 56 59 86 00,False
SGC Sécurité,"94 Av. du Général Leclerc, 93500 Pantin",sgc-securite.fr,01 48 44 04 56,True
GMF Vie,"1 Rue Raoul Dautry, 95120 Ermont",gmf.fr,09 70 80 98 10,True
MARCHÉ FRAIS,"5 Rue Ambroise Thomas, 95100 Argenteuil",marche-frais.com,01 39 61 73 10,True
IDEX Energies,"72 Av. Jean Baptiste Clement, 92100 Boulogne-Billancourt",idex.fr,01 47 12 42 93,True
L'Usine à Chapeaux,"32 Rue Gambetta, 78120 Rambouillet",usineachapeaux.fr,01 30 88 89 00,False
Allez et Associés,"5 Rue Alfred de Vigny, 75008 Paris",allezassocies.com,01 53 57 74 74,True
IBM France,"17 Av. de l'Europe, 92275 Bois-Colombes",ibm.com,01 58 75 00 00,True
Dunod Editeur,"11 Rue Paul Bert, 92240 Malakoff",dunod.com,01 41 23 66 00,True
bedier,"8 Rue Paul Appel, 95310 Saint-Ouen-l'Aumône",grouperougnon.fr,01 30 27 29 20,True
Intermarché EXPRESS Vanves,"2 Rue Ernest Laval, 92170 Vanves",intermarche.com,01 46 38 84 82,True
Le Rocheton YMCA,"Rue de la Forêt, 77000 La Rochette",rocheton.asso.fr,01 64 37 12 32,True
Alta Space,"105-115 Av. Lemerle Vetter, 94400 Vitry-sur-Seine",altaspace.fr,01 46 82 00 15,True
Saint-Gobain Cristaux et Détecteurs,"104 Rue de Larchant, 77140 Saint-Pierre-lès-Nemours",NA,NA,True
Firac,"30 Rue Gustave Eiffel, 78300 Poissy",firac.fr,01 30 06 74 44,True
NA,NA,NA,NA,NA
Mars Et Co,"100 Av. Raymond Poincaré, 75116 Paris",marsandco.com,NA,True
Intermarché SUPER Vaux Le Penil,"27 Rte de Montereau, 77000 Vaux-le-Pénil",intermarche.com,01 64 37 53 50,True
BENLUX,"174 Rue de Rivoli, 75001 Paris",benlux.fr,01 47 03 66 66,True
Théâtre du Châtelet,"2 Rue Edouard Colonne, 75001 Paris",chatelet.com,01 40 28 28 28,True
NA,NA,NA,NA,NA
COMEXPOSIUM,"70 Avenue du Général de Gaulle, 92800 Puteaux",comexposium.fr,01 76 77 11 11,True
Sysco France,"14 Rue Gerty Archimède, 75012 Paris",sysco.fr,NA,True
Omron Electronics,94130 Nogent-sur-Marne,omron.fr,0 825 82 56 79,True
Mecalux Rayonnage Métallique - Paris,"Zac de Montavas, 1 Rue Colbert, 91320 Wissous",mecalux.fr,01 60 11 92 92,True
Hansgrohe Sarl,"27 Rue Georges Besse, 92182 Antony",hansgrohe.fr,01 46 11 45 00,True
NA,NA,NA,NA,NA
Edipost - DFS,"30 Av. Ferdinand de Lesseps, 91420 Morangis",edipost.fr,01 69 10 21 50,True
FONCIA | Agence Immobilière | Location-Syndic-Gestion-Locative | Noisy-Le-Grand | Pl Gustave courbet,"409 Place Gustave Courbet La Closerie du Mont-d'Est - Immeuble le Stratège stationnement niveau 2 à proximité de l’allée 17, 93160 Noisy-le-Grand",fr.foncia.com,01 64 62 50 00,True
Intermarché SUPER Égly,"22 Av. d'Arpajon, 91520 Égly",intermarche.com,01 64 90 91 90,True
Hôpital privé Claude Galien - Ramsay Santé,"20 Rte de Boussy-Saint-Antoine, 91480 Quincy-sous-Sénart",ramsaysante.fr,01 69 39 90 00,True
Emmaüs Solidarité,"32 Rue des Bourdonnais, 75001 Paris",emmaus-solidarite.org,01 44 82 77 20,True
Les Poussinets,"37 Rue du Général Leclerc, 95210 Saint-Gratien",NA,01 39 89 09 43,True
Stellantis Finance & Services - CREDIPAR,"2 Bd de l'Europe, 78300 Poissy",stellantis-finance-services.fr,NA,True
AT 92 (Association Tutélaire des Hauts de Seine) réseau courbevoie,"33 Rue du Moulin des Bruyères, 92400 Courbevoie",at92.asso.fr,01 41 25 00 10,True
Actifs Cosmétiques Laboratoires Expanscience,"Tour First, 1 Pl. des Saisons, 92400 Courbevoie",expanscience.com,01 43 34 60 00,True
Tour Saint-Gobain,"12 Pl. de l'Iris, 92400 Courbevoie",saint-gobain.com,01 88 54 00 00,True
STG Orly,"6 rue du Moulin à cailloux Zone Sénia 416, 94310 Orly",stg-logistique.fr,01 41 80 22 22,False
Knauf Plâtres,"Pré Morfontaine, Rue de la Bizière, 77165 Saint-Soupplets",knauf.fr,01 64 36 37 00,False
Soredab,"Rue de la Tremblaye, 78125 La Boissière-École",NA,01 34 94 34 94,True
EHPAD Résidence Les Pensées,"102 Rue Antonin Georges Belin, 95100 Argenteuil",residence-les-pensees.com,01 34 34 82 00,False
Equad RCC,"191 Rue Jean Jacques Rousseau, 92130 Issy-les-Moulineaux",equad.fr,01 46 62 99 99,True
Intermarché SUPER Dourdan,"48 Rue Raymond Laubier, 91410 Dourdan",intermarche.com,01 64 59 69 09,True
REELAX - TORDJMAN Métal,"60 Rue Jean Lemoine, 93230 Romainville",tordjmanmetal.fr,01 41 83 08 93,False
Tenedis,"BAT BETA, PARC TECHNOPOLIS, 3 Av. du Canada, 91940 Les Ulis",tenedis.com,01 64 46 59 59,True
Domino SAS,"2 Rue Hippolyte Mège-Mouriès, 78120 Rambouillet",domino-printing.com,01 30 46 56 78,True
SMABTP,"8 Rue Louis Armand, 75015 Paris",smabtp.fr,01 40 59 70 00,True
Laboratoires Grimberg,"44 Av. Georges Pompidou, 92300 Levallois-Perret",laboratoires-grimberg.com,0 809 10 81 55,True
GHL (Groupe Hubert Logistique),"14 Av. Joseph Paxton, 77164 Ferrières-en-Brie",NA,NA,False
Odity,"8 Rue Henri Becquerel, 92500 Rueil-Malmaison",odity.com,01 47 14 38 85,True
Renault Montlhéry - E.D.A.M - Groupe Losange Autos,"72 N20, 91310 Montlhéry",losangeautos.fr,01 64 49 61 61,True
NA,NA,NA,NA,NA
IBM Interactive,"11 Bd du Mont d'Est, 93160 Noisy-le-Grand",ibminteractive.fr,01 11 38 20 79,True
STIHL FRANCE,"All. des Epinettes, 77200 Torcy",stihl.fr,01 64 62 56 00,False
Manutention Levage Grues à Tour,"10 Rue de la Saussaie, 91220 Brétigny-sur-Orge",mlgt.fr,01 60 84 02 11,True
Les Cars Martin / Transarc,"9 Av. Ampère, 91320 Wissous",lescarsmartin.fr,01 69 10 75 75,True
NA,NA,NA,NA,NA
Arianespace,"Bd de l'Europe, 91006 Évry-Courcouronnes",arianespace.com,01 60 87 60 00,True
Louis Vuitton,"2 Rue du Pont Neuf, 75001 Paris",fr.louisvuitton.com,01 55 80 32 00,True
GALION,"11 Av. des Frères Lumière, 92160 Antony",galion.fr,01 46 66 81 87,True
Icade,"27 Rue Camille Desmoulins, 92130 Issy-les-Moulineaux",icade.fr,01 41 57 70 00,True
Harlequin Editions. Harper Collins,"83 Bd Vincent Auriol, 75013 Paris",NA,01 45 82 47 47,True
NA,NA,NA,NA,NA
CASP,"20 Rue Santerre, 75012 Paris",casp.asso.fr,01 53 33 87 50,True
AKKODIS (Akka),"Albero - Les Quadrants, 3 Av. du Centre, 78280 Guyancourt",akkodis.com,01 79 92 40 00,True
"Sponsorisé
Rent A Car","53B Rte de la Reine, 92100 Boulogne-Billancourt",rentacar.fr,01 46 05 04 83,False
Prisma Media,"13 Rue Henri Barbusse, 92230 Gennevilliers",prismamedia.com,01 73 05 45 45,True
TotalEnergies Lubrifiants Services Automobile TLSA,"105 Bd de la Mission Marchand, 92400 Courbevoie",mytlsa.total.com,01 47 75 50 00,True
Buffalo Grill,"9 Bd du Général de Gaulle, 92120 Montrouge",buffalo-grill.fr,01 75 60 78 94,True
4D SAS,"66 Rte de Sartrouville, 78230 Le Pecq",fr.4d.com,01 30 53 92 00,True
MAN Truck & Bus France SIEGE SOCIAL,"12 avenue Du Bois De L'Epine, 91000 Évry-Courcouronnes",man.eu,01 69 47 16 00,True
Entente Sportive de Nanterre,"14 Av. du Maréchal Joffre, 92000 Nanterre",esnanterre.com,01 47 24 06 02,True
SEMI,"17 Bd des Artisans, 77700 Bailly-Romainvilliers",semi-sa.fr,01 60 42 19 19,True
NA,NA,NA,NA,NA
Thales LAS France,"2 Av. Gay Lussac, 78990 Élancourt",thalesgroup.com,01 34 81 60 00,True
Valode & Pistre,"115 Rue du Bac, 75007 Paris",valode-et-pistre.com,01 53 63 22 00,True
Château de Villiers le Mahieu - Les Maisons de Campagne,"Rue du Ctre, 78770 Villiers-le-Mahieu",lesmaisonsdecampagne.com,01 34 87 44 25,True
Logista France,"Le Bristol, 27 Av. des Murs-du-Parc, 94300 Vincennes",logistafrance.fr,01 49 57 60 00,True
Sandro FB,"150 Bd Haussmann, 75008 Paris",sandro-paris.com,01 40 39 90 21,True
NCS,"28 Rue de la Cartoucherie, 95470 Survilliers",NA,01 34 31 70 00,True
T-Systems France,"1-3 Rue Eugène et Armand Peugeot, 92500 Rueil-Malmaison",t-systems.com,01 55 94 15 15,True
Nestlé France,"34-40 Rue Guynemer, 92130 Issy-les-Moulineaux",nestle.fr,0 809 40 04 12,True
Dedalus France,"22 Av. Galilée, 92350 Le Plessis-Robinson",dedalus-france.fr,01 75 60 91 00,True
Arkema,"420 Rue d'Estienne d'Orves, 92700 Colombes",arkema.com,01 49 00 80 80,True
BWH HOTEL GROUP France,"11 Rue du Débarcadère, 92700 Colombes",bestwestern.fr,01 49 02 30 00,True
Établissement d'Enseignement Spécialisé et de Rééducation pour Handicapés Moteurs,"15 Av. de Verdun, 93140 Bondy",maurice.coutrot.free.fr,01 48 47 15 00,True
Hôpital privé du Val d'Yerres,"31 Rue de l'Abbaye, 91330 Yerres",hopital-prive-val-dyerres.com,01 69 48 48 13,False
Courrèges,"40 Rue François 1er, 75008 Paris",courreges.com,01 53 67 30 73,True
Groupe Lucien Barrière,"33 Rue d'Artois, 75008 Paris",groupebarriere.com,NA,True
Layher Paris,"ZAC le Parc de Bel Air, 17-19 Av. Joseph Paxton, 77164 Ferrières-en-Brie",layher.fr,01 64 76 84 00,True
LISI AEROSPACE,"Central Seine 46, 50 Quai de la Rapée, 75583 Paris",lisi-aerospace.com,01 40 19 82 00,True
Docaposte,"45, 47 Bd Paul Vaillant Couturier, 94200 Ivry-sur-Seine",docaposte.com,01 56 29 70 01,True
Indigo Group,"LA DÉFENSE, 1 Pl. des Degrés, 92800 Puteaux",group-indigo.com,0 810 26 30 00,True
Bpifrance,"27 Av. du Général-Leclerc, 94700 Maisons-Alfort",bpifrance-creation.fr,01 45 18 85 03,True
Societe De Marquage Et De Signalisation,"174-178 Quai de Jemmapes, 75010 Paris",NA,NA,True
Future Informatique - Theotech,"1 Rue Théodule Ribot, 75017 Paris",futureinformatique.fr,01 42 15 31 25,False
BUREAU VERITAS,"Tour Alto, 4 Pl. des Saisons, 92400 Courbevoie",bureauveritas.fr,01 55 24 70 70,True
Warner Bros. Discovery France,"115 Av. Charles de Gaulle, 92200 Neuilly-sur-Seine",warnerbros.fr,01 72 25 00 00,True
Intermarché SUPER Orgeval,"Rte de Quarante Sous, 78630 Orgeval",intermarche.com,01 39 75 77 00,True
Semeru Fayat Energie Services,"54 56 Rue d'Arcueil, 94150 Rungis",semeru.fayat.com,01 56 72 77 00,True
PcVue France,"2 Av. de la Cristallerie, 92310 Sèvres",pcvuesolutions.com,01 41 14 36 00,True
Imerys,"43 Quai de Grenelle, 75015 Paris",imerys.com,01 49 55 63 00,True
Particulier et Finances Editions,"14 Bd Haussmann, 75009 Paris",leparticulier.fr,01 55 56 71 11,True
Tafanel Socodis,"105 Rue d'Aubervilliers, 75018 Paris",tafanel.com,01 44 65 24 24,False
Champagne Construction Rénovation,"15 Av. Élie Baylac, 95660 Champagne-sur-Oise",groupe-balas.com,NA,True
Multimedia Connect,"Air Park de Paris, 3 Av. Jeanne Garnerin Bâtiment le Cormoran, 91320 Wissous",multimedia-connect.com,01 69 79 14 14,True
Le Moulin Larive,"17 Rue Larive, 95680 Montlignon",NA,01 34 27 44 27,False
Urbaine de Travaux,"2 Av. du Général de Gaulle, 91170 Viry-Châtillon",urbaine.com,01 69 12 69 15,True
ORCOM Paris,"15-17 Rue Clisson, 75013 Paris",implantations.orcom.fr,01 53 79 63 63,True
Apple,"7 Av. d'Iéna, 75116 Paris",apple.com,01 56 52 96 00,False
MEHA - Construction Bois,"19 Rue Gabriel Péri, 94460 Valenton",meha.fr,01 43 89 57 88,True
SIA Service,"25 Rue Condorcet, 95150 Taverny",securite-incendie-sia.com,01 30 40 74 10,True
NA,NA,NA,NA,NA
Martin-Brower France,"ZAC du Bois Chaland, 12 Rue du Bois Chaland, 91090 Lisses",martinbrower.com,01 69 11 26 26,False
JEP,"6-10 Av. des Froides Bouillies, 91420 Morangis",jep-sa.fr,01 69 79 36 50,False
Groupement De Partenariats Administratif,"1 Av. du Général de Gaulle, 95140 Garges-lès-Gonesse",NA,NA,True
Jeux Kompan,"363 Rue Marc Seguin, 77190 Dammarie-les-Lys",kompan.fr,01 64 37 73 33,True
SIDEP by Checkpoint,"6 Rue Jean Pierre Timbaud, 78180 Montigny-le-Bretonneux",sidep.info,01 30 47 30 47,True
Éditions du Seuil,"57 Rue Gaston Tessier, 75019 Paris",seuil.com,01 70 96 89 90,False
SPS Medical,"5 Rue de Montigny, 77120 Coulommiers",spsmedical.fr,NA,True
Naturalforme,"20 Bd de l'Europe, 77380 Combs-la-Ville",naturalforme.fr,01 42 96 26 15,False
S.E.E.F.,"13 Rue de la Rivière, 78420 Carrières-sur-Seine",seef.fr,01 61 04 33 00,True
PHOENIX CONTACT,"52 Bd de Beaubourg, 77184 Émerainville",phoenixcontact.com,01 60 17 98 98,True
Apple,"7 Av. d'Iéna, 75116 Paris",apple.com,01 56 52 96 00,False
NA,NA,NA,NA,NA
NA,NA,NA,NA,NA
Institut de radiothérapie et de radiochirurgie Hartmann - ELSAN,"4 Rue Kléber, 92300 Levallois-Perret",radiotherapie-hartmann.fr,01 47 57 67 10,True
MTB111,"7 Pl. des Martyrs de l'Occupation Allemande 1940-1944, 92110 Clichy",mtb-generative.com,01 47 39 99 20,True
SWISS LIFE FRANCE,"7 Rue Belgrand, 92300 Levallois-Perret",swisslife.fr,01 46 17 38 38,True
Dassault Data Services,"10 Rue Marcel Dassault, 78140 Vélizy-Villacoublay",dassault-data-services.fr,01 61 62 61 13,True
Ehpad Korian La Détente,"5 Rue du Limonet, 77400 Dampmart",korian.fr,01 64 12 76 00,True
Hoa Nam Boutique - Site de production,"5 bis Rue Jean Jacques Rousseau, 94200 Ivry-sur-Seine",hoanam.com,01 88 29 67 56,True
Paris Country Club,"121 Rue du Lieutenant Colonel de Montbrison, 92500 Rueil-Malmaison",pariscountryclub.com,01 47 77 64 00,True
ISM Interprétariat,"90 Av. de Flandre, 75019 Paris",ism-interpretariat.fr,01 53 26 52 50,True
Gardiennage Protection Service,"22 Rue Rottembourg, 75012 Paris",gps-securite.com,01 53 02 01 16,True
SAS Omnicom Média Groupe,"11 Av. André Morizet, 92100 Boulogne-Billancourt",NA,01 74 31 54 00,True
EUGENE PERMA France S.A.S.,"1 Rue du 19 Mars 1962, 92230 Gennevilliers",eugeneperma.com,01 55 84 60 00,True
NA,NA,NA,NA,NA
Super U et Drive,"4 Rés de l'Orée de Marly, 78590 Noisy-le-Roi",coursesu.com,01 34 62 96 56,True
Hôpital privé de l'Est Parisien - Ramsay Santé,"30 Av. du 14 Juillet, 93600 Aulnay-sous-Bois",ramsaysante.fr,01 86 86 35 35,True
Belambra,"63 Av. du Général Leclerc, 92340 Bourg-la-Reine",belambra.fr,01 77 70 90 00,True
NA,NA,NA,NA,NA
Starkey France,"23 Rue Claude Nicolas Ledoux, 94000 Créteil",starkey.fr,01 49 80 74 74,True
Jeanne d’Arc Hôpital Privé Parisien | Inicea,"55 Rue du Commandant René Mouchotte, 94160 Saint-Mandé",inicea.fr,01 49 57 26 00,True
Clinique Claude Bernard - Ramsay Santé,"9 Av. Louis Armand, 95120 Ermont",ramsaygds.fr,01 30 72 34 34,True
VITOGAZ FRANCE,"100 Terr. Boieldieu, 92800 Puteaux",vitogaz.com,09 77 40 11 01,True
La Scam,"5 Av. Velasquez, 75008 Paris",scam.fr,01 56 69 58 58,True
Terideal,"4 Bd Arago, 91320 Wissous",terideal.fr,01 69 81 18 00,True
DXC Technology,"Tour Carpe Diem, 31 Pl. des Corolles, 92400 Courbevoie",dxc.technology,01 88 54 40 00,True
Transports Prevost,"13 Rue des Frères Lumière, 77290 Mitry-Mory",prevost-transports.com,01 60 93 91 61,True
CIVIS Protection Juridique,"90 Av. de Flandre, 75019 Paris",civis.fr,01 53 26 25 25,True
Faiveley Transport,"3 Rue du 19 Mars 1962, 92230 Gennevilliers",wabtec.com,01 48 13 65 00,True
VITRANS,"Rte de Fresnes, 77410 Charny",vitrans.fr,01 60 01 62 25,True
Rothschild Martin Maurel,"29 Av. de Messine, 75008 Paris",rothschildandco.com,01 40 74 40 74,True
Sainte Geneviève Sports,"Av. Jacques Duclos, 91700 Sainte-Geneviève-des-Bois",sgsomnisports.fr,01 60 15 02 89,False
NA,NA,NA,NA,NA
Groupe Henner,"14 Bd du Général Leclerc, 92200 Neuilly-sur-Seine",henner.com,01 55 62 90 00,True
SCOPING,"15 Av. Emile Baudot, 91300 Massy",scoping.fr,01 69 19 43 10,True
ESPERER 95,"Bat 3, 9 Chau. Jules César Porte 206, 95520 Osny",esperer-95.org,01 30 38 86 66,False
NA,NA,NA,NA,NA
Toppan Photomasks France,"224 Bd John Kennedy, 91100 Corbeil-Essonnes",photomask.com,01 64 93 75 00,True
Compagnie Francaise d'Informatique,"7 Rue Pleyel, 93200 Saint-Denis",cfigroupe.com,01 70 94 90 91,True
Aggreko,"Aggreko Head Office 5 Rue Boole Zac de la Rousseau St. Michel Sur Orge, 91240 Paris",aggreko.com,0 825 00 80 07,True
SLOVEG,"EUROPARC, 14 Rue Auguste Perret, 94000 Créteil",sloveg.fr,01 49 77 02 94,True
Association à but non lucratif Adef Résidences,"19 Rue Baudin, 94200 Ivry-sur-Seine",adef-residences.com,01 46 70 16 02,True
Intermarché SUPER Bourg-La-Reine,"79 Rue de la Bièvre, 92340 Bourg-la-Reine",intermarche.com,01 46 65 91 19,True
CENTREVILLE Télévision - Post production,"53 Bd du Général Martial Valin, 75015 Paris",centrevilletv.com,01 53 78 00 00,True
NA,NA,NA,NA,NA
Clévia,"3-7 Pl. de l'Europe, 78140 Vélizy-Villacoublay",clevia.com,01 34 65 89 89,False
ASPP,"35 Bd de Sébastopol, 75001 Paris",aspp.fr,01 53 40 54 40,False
Clinique Sainte Genevieve,"29 Rue Sarrette, 75014 Paris",cliniquesaintegenevieve.com,01 56 53 58 58,False
Eurogroup Consulting,"Immeuble Workstation, 25 Quai du Président Paul Doumer, 92400 Courbevoie",eurogroupconsulting.com,01 49 07 57 00,True
CLAVIM,"47 Rue du Général Leclerc, 92130 Issy-les-Moulineaux",clavim.asso.fr,01 41 23 86 00,True
Dräger France SAS,"Parc de Haute Technologie, 25 Rue Georges Besse, 92160 Antony",draeger.com,01 46 11 56 00,True
Sofrat,"78 Rue Saint-Lazare, 75009 Paris",sofrat.fr,01 41 05 95 96,True
Soins Personnes Agees,"Le Palladium, 139 Bd Saint-Denis, 92400 Courbevoie",NA,01 43 34 15 00,True
NA,NA,NA,NA,NA
Afigec Levallois-Perret,"26-28 Rue Marius Aufan, 92300 Levallois-Perret",afigec.com,01 41 49 06 66,False
SPIE ICS,"148 Av. Pierre Brossolette, 92240 Malakoff",spie-ics.com,01 41 46 41 46,True
Intermarché SUPER Mennecy,"2 Rue Jean Cocteau, 91540 Mennecy",intermarche.com,01 69 90 74 90,False
CMI France,"3 Av. André Malraux, 92300 Levallois-Perret",cmifrance.com,01 87 15 21 21,True
Digital Master Carte,"161 Av. de Verdun, 94200 Ivry-sur-Seine",NA,NA,True
Airel-Quetin,"917 Rue Marcel Paul, 94500 Champigny-sur-Marne",airel-quetin.com,01 48 82 22 22,True
G7 Booking,"22-28 Rue Henri Barbusse, 92110 Clichy",g7booking.com,01 41 27 45 00,False
NA,NA,NA,NA,NA
Aareon France,"9 Rue Jeanne Braconnier, 92360 Meudon",aareon.fr,01 45 37 92 30,True
Brink's Evolution Ile-de-France,"41-45 Bd Romain Rolland, 75014 Paris",NA,01 58 17 53 00,True
SEGIC Ingénierie,"7 Rue des Petits Ruisseaux, 91370 Verrières-le-Buisson",segic-ingenierie.fr,01 69 30 66 66,True
A.S.S.A.D Association de Soins et Service à domicile,"201 Rue Lecourbe, 75015 Paris",ssiad-paris.fr,01 44 19 61 61,True
Altarea Commerce,"87 Rue de Richelieu, 75002 Paris",linkedin.com,01 56 26 24 00,True
Xelians - siège social,"15 Av. Marcellin Berthelot, 92390 Villeneuve-la-Garenne",xelians.fr,01 47 92 99 99,False
Playmobil France,"12 Rue des Pyrénées, 91090 Lisses",playmobil.fr,01 69 11 97 70,True
Théâtre Nanterre-Amandiers,"7 Av. Pablo Picasso, 92000 Nanterre",nanterre-amandiers.com,01 46 14 70 00,True
Lavazza France,"58 Av. Emile Zola, 92100 Boulogne-Billancourt",lavazza.fr,01 55 85 92 00,True
houra.fr,"36 Av. de l'Europe, 77600 Bussy-Saint-Georges",houra.fr,01 70 92 26 71,False
SURYS,"Parc d’activités Gustave Eiffel, 22 Av. de l'Europe, 77607 Bussy-Saint-Georges",surys.com,01 64 76 31 00,True
Editions Albin Michel,"22 Rue Huyghens, 75014 Paris",albin-michel.fr,01 42 79 10 00,True
